"STATION","NAME","LATITUDE","LONGITUDE","ELEVATION","DATE","AWND","DP01","DP10","DT00","DT32","DX32","DX90","EMNT","EMSN","EMXP","EMXT","PRCP","SNOW","TAVG","TMAX","TMIN"
"US1TXHRR237","WEBSTER 2.8 NNW, TX US","29.572741","-95.127139","7.3","2025-01",,"14","9",,,,,,,"2.17",,"5.63",,,,
"US1TXHRR237","WEBSTER 2.8 NNW, TX US","29.572741","-95.127139","7.3","2025-02",,"6","4",,,,,,,"2.18",,"4.46",,,,
"US1TXHRR237","WEBSTER 2.8 NNW, TX US","29.572741","-95.127139","7.3","2025-03",,"7","6",,,,,,,"1.67",,"2.68",,,,
"US1TXHRR237","WEBSTER 2.8 NNW, TX US","29.572741","-95.127139","7.3","2025-04",,"5","5",,,,,,,"2.39",,"4.20",,,,
"US1TXHRR237","WEBSTER 2.8 NNW, TX US","29.572741","-95.127139","7.3","2025-05",,"8","7",,,,,,,"1.78",,"4.35",,,,
"US1TXHRR237","WEBSTER 2.8 NNW, TX US","29.572741","-95.127139","7.3","2025-06",,"13","12",,,,,,,"2.45",,"9.45",,,,
"US1TXHRR237","WEBSTER 2.8 NNW, TX US","29.572741","-95.127139","7.3","2025-07",,"10","6",,,,,,,"1.15",,"4.36",,,,
"US1TXHRR237","WEBSTER 2.8 NNW, TX US","29.572741","-95.127139","7.3","2025-08",,"8","8",,,,,,,"2.80",,"7.42",,,,
"US1TXHRR237","WEBSTER 2.8 NNW, TX US","29.572741","-95.127139","7.3","2025-09",,"8","5",,,,,,,"0.87",,"2.60",,,,
"US1TXHRR237","WEBSTER 2.8 NNW, TX US","29.572741","-95.127139","7.3","2025-10",,"6","5",,,,,,,"1.47",,"4.35",,,,
"US1TXHRR237","WEBSTER 2.8 NNW, TX US","29.572741","-95.127139","7.3","2025-11",,"1","1",,,,,,"0.0","2.32",,"2.32","0.0",,,
"US1TXHRR237","WEBSTER 2.8 NNW, TX US","29.572741","-95.127139","7.3","2025-12",,"4","3",,,,,,,"0.68",,"1.00",,,,
"US1TXHRR237","WEBSTER 2.8 NNW, TX US","29.572741","-95.127139","7.3","2026-01",,"4","3",,,,,,,"0.91",,"2.54",,,,
"US1TXHRR314","HEDWIG VILLAGE 2.0 SW, TX US","29.760006","-95.54421","22.9","2025-01",,"12","7",,,,,,"0.0","3.08",,"7.06","0.0",,,
"US1TXHRR314","HEDWIG VILLAGE 2.0 SW, TX US","29.760006","-95.54421","22.9","2025-02",,"6","3",,,,,,"0.0","2.23",,"4.56","0.0",,,
"US1TXHRR314","HEDWIG VILLAGE 2.0 SW, TX US","29.760006","-95.54421","22.9","2025-03",,"7","5",,,,,,"0.0","1.06",,"2.01","0.0",,,
"US1TXHRR314","HEDWIG VILLAGE 2.0 SW, TX US","29.760006","-95.54421","22.9","2025-04",,"8","3",,,,,,"0.0","0.57",,"1.51","0.0",,,
"US1TXHRR314","HEDWIG VILLAGE 2.0 SW, TX US","29.760006","-95.54421","22.9","2025-05",,"10","8",,,,,,"0.0","2.00",,"4.64","0.0",,,
"US1TXHRR314","HEDWIG VILLAGE 2.0 SW, TX US","29.760006","-95.54421","22.9","2025-06",,"15","12",,,,,,"0.0","1.51",,"7.98","0.0",,,
"US1TXHRR314","HEDWIG VILLAGE 2.0 SW, TX US","29.760006","-95.54421","22.9","2025-08",,"13","9",,,,,,"0.0","2.80",,"7.10","0.0",,,
"US1TXHRR314","HEDWIG VILLAGE 2.0 SW, TX US","29.760006","-95.54421","22.9","2025-09",,"8","5",,,,,,"0.0","0.70",,"1.80","0.0",,,
"US1TXHRR314","HEDWIG VILLAGE 2.0 SW, TX US","29.760006","-95.54421","22.9","2025-10",,"5","5",,,,,,"0.0","1.92",,"4.60","0.0",,,
"US1TXHRR314","HEDWIG VILLAGE 2.0 SW, TX US","29.760006","-95.54421","22.9","2025-11",,"6","3",,,,,,"0.0","2.50",,"2.87","0.0",,,
"US1TXHRR314","HEDWIG VILLAGE 2.0 SW, TX US","29.760006","-95.54421","22.9","2025-12",,"7","4",,,,,,"0.0","0.88",,"1.83","0.0",,,
"US1TXHRR314","HEDWIG VILLAGE 2.0 SW, TX US","29.760006","-95.54421","22.9","2026-01",,"5","4",,,,,,"0.0","0.77",,"2.04","0.0",,,
"US1TXFB0080","KATY 7.2 SE, TX US","29.71977","-95.74364","35.4","2025-05",,"7","7",,,,,,,"1.57",,"3.28",,,,
"US1TXFB0080","KATY 7.2 SE, TX US","29.71977","-95.74364","35.4","2025-10",,"3","2",,,,,,,"0.81",,"1.48",,,,
"US1TXHRR117","TOMBALL 2.7 ENE, TX US","30.1134853363037","-95.5747985839844","49.7","2025-01",,,,,,,,,,,,"3.38",,,,
"US1TXHRR117","TOMBALL 2.7 ENE, TX US","30.1134853363037","-95.5747985839844","49.7","2025-02",,"8","3",,,,,,,"0.91",,"2.33",,,,
"US1TXHRR117","TOMBALL 2.7 ENE, TX US","30.1134853363037","-95.5747985839844","49.7","2025-03",,,,,,,,,,,,"3.72",,,,
"US1TXHRR117","TOMBALL 2.7 ENE, TX US","30.1134853363037","-95.5747985839844","49.7","2025-04",,"4","4",,,,,,,"1.20",,"3.14",,,,
"US1TXHRR117","TOMBALL 2.7 ENE, TX US","30.1134853363037","-95.5747985839844","49.7","2025-05",,"8","6",,,,,,,"0.66",,"4.68",,,,
"US1TXHRR117","TOMBALL 2.7 ENE, TX US","30.1134853363037","-95.5747985839844","49.7","2025-07",,"7","5",,,,,,,"0.70",,"4.02",,,,
"US1TXHRR117","TOMBALL 2.7 ENE, TX US","30.1134853363037","-95.5747985839844","49.7","2025-08",,"7","3",,,,,,,"1.00",,"2.84",,,,
"US1TXHRR117","TOMBALL 2.7 ENE, TX US","30.1134853363037","-95.5747985839844","49.7","2025-09",,"5","3",,,,,,,"1.92",,"2.90",,,,
"US1TXHRR238","WEBSTER 3.9 NNW, TX US","29.586487","-95.137906","6.4","2025-04",,,,,,,,,,,,"3.75",,,,
"US1TXHRR238","WEBSTER 3.9 NNW, TX US","29.586487","-95.137906","6.4","2025-05",,"7","5",,,,,,,"2.04",,"6.66",,,,
"US1TXHRR238","WEBSTER 3.9 NNW, TX US","29.586487","-95.137906","6.4","2025-06",,"18","7",,,,,,,"2.89",,"6.64",,,,
"US1TXHRR238","WEBSTER 3.9 NNW, TX US","29.586487","-95.137906","6.4","2025-09",,,,,,,,,,,,"2.45",,,,
"US1TXHRR238","WEBSTER 3.9 NNW, TX US","29.586487","-95.137906","6.4","2025-10",,"7","5",,,,,,,"1.51",,"4.05",,,,
"US1TXHRR238","WEBSTER 3.9 NNW, TX US","29.586487","-95.137906","6.4","2025-11",,"1","1",,,,,,"0.0","2.71",,"2.71","0.0",,,
"US1TXHRR238","WEBSTER 3.9 NNW, TX US","29.586487","-95.137906","6.4","2025-12",,"6","2",,,,,,,"0.73",,"1.07",,,,
"US1TXHRR315","SPRING 8.7 W, TX US","30.038247","-95.527276","41.5","2025-03",,,,,,,,,,,,"2.76",,,,
"US1TXHRR315","SPRING 8.7 W, TX US","30.038247","-95.527276","41.5","2025-04",,,,,,,,,,,,"2.87",,,,
"US1TXHRR315","SPRING 8.7 W, TX US","30.038247","-95.527276","41.5","2025-05",,,,,,,,,,,,"6.46",,,,
"US1TXHRR315","SPRING 8.7 W, TX US","30.038247","-95.527276","41.5","2025-06",,,,,,,,,,,,"6.13",,,,
"US1TXHRR315","SPRING 8.7 W, TX US","30.038247","-95.527276","41.5","2025-07",,,,,,,,,,,,"2.83",,,,
"US1TXHRR315","SPRING 8.7 W, TX US","30.038247","-95.527276","41.5","2025-09",,,,,,,,,,,,"1.28",,,,
"US1TXHRR232","HOUSTON 2.1 SSW, TX US","29.739753","-95.397682","15.5","2025-01",,"15","10",,,,,,,"2.17",,"6.09",,,,
"US1TXHRR232","HOUSTON 2.1 SSW, TX US","29.739753","-95.397682","15.5","2025-02",,"7","3",,,,,,,"1.63",,"3.02",,,,
"US1TXHRR232","HOUSTON 2.1 SSW, TX US","29.739753","-95.397682","15.5","2025-03",,"7","5",,,,,,,"0.79",,"1.60",,,,
"US1TXHRR232","HOUSTON 2.1 SSW, TX US","29.739753","-95.397682","15.5","2025-04",,"4","3",,,,,,"0.0","1.16",,"2.61","0.0",,,
"US1TXHRR232","HOUSTON 2.1 SSW, TX US","29.739753","-95.397682","15.5","2025-05",,"9","7",,,,,,,"2.03",,"5.32",,,,
"US1TXHRR232","HOUSTON 2.1 SSW, TX US","29.739753","-95.397682","15.5","2025-06",,"15","11",,,,,,,"1.38",,"6.71",,,,
"US1TXHRR232","HOUSTON 2.1 SSW, TX US","29.739753","-95.397682","15.5","2025-07",,"9","6",,,,,,,"1.12",,"3.69",,,,
"US1TXHRR232","HOUSTON 2.1 SSW, TX US","29.739753","-95.397682","15.5","2025-08",,"11","5",,,,,,,"1.75",,"3.99",,,,
"US1TXHRR232","HOUSTON 2.1 SSW, TX US","29.739753","-95.397682","15.5","2025-09",,"7","6",,,,,,,"2.46",,"5.73",,,,
"US1TXHRR232","HOUSTON 2.1 SSW, TX US","29.739753","-95.397682","15.5","2025-10",,"3","3",,,,,,"0.0","1.19",,"2.30","0.0",,,
"US1TXHRR232","HOUSTON 2.1 SSW, TX US","29.739753","-95.397682","15.5","2025-11",,"3","2",,,,,,"0.0","2.35",,"2.53","0.0",,,
"US1TXHRR232","HOUSTON 2.1 SSW, TX US","29.739753","-95.397682","15.5","2025-12",,"5","2",,,,,,"0.0","0.60",,"1.18","0.0",,,
"US1TXHRR276","HOUSTON 7.7 W, TX US","29.756392","-95.515073","20.4","2025-01",,"15","9",,,,,,,"2.58",,"6.33",,,,
"US1TXHRR276","HOUSTON 7.7 W, TX US","29.756392","-95.515073","20.4","2025-02",,"6","4",,,,,,,"1.48",,"3.59",,,,
"US1TXHRR276","HOUSTON 7.7 W, TX US","29.756392","-95.515073","20.4","2025-03",,"5","3",,,,,,,"0.92",,"1.59",,,,
"US1TXHRR276","HOUSTON 7.7 W, TX US","29.756392","-95.515073","20.4","2025-04",,"5","3",,,,,,,"0.83",,"1.72",,,,
"US1TXHRR276","HOUSTON 7.7 W, TX US","29.756392","-95.515073","20.4","2025-08",,"12","6",,,,,,,"1.58",,"4.90",,,,
"US1TXHRR276","HOUSTON 7.7 W, TX US","29.756392","-95.515073","20.4","2025-09",,"8","5",,,,,,,"1.29",,"2.30",,,,
"US1TXHRR276","HOUSTON 7.7 W, TX US","29.756392","-95.515073","20.4","2025-10",,"5","5",,,,,,,"1.26",,"3.56",,,,
"US1TXHRR276","HOUSTON 7.7 W, TX US","29.756392","-95.515073","20.4","2025-11",,"6","3",,,,,,,"2.61",,"3.21",,,,
"US1TXHRR276","HOUSTON 7.7 W, TX US","29.756392","-95.515073","20.4","2025-12",,"7","2",,,,,,,"0.89",,"1.89",,,,
"US1TXFB0083","RICHMOND 2.7 ESE, TX US","29.564719","-95.725017","19.5","2025-01",,"18","7",,,,,,,"1.11",,"3.58",,,,
"US1TXFB0083","RICHMOND 2.7 ESE, TX US","29.564719","-95.725017","19.5","2025-02",,"15","4",,,,,,,"1.04",,"2.93",,,,
"US1TXFB0083","RICHMOND 2.7 ESE, TX US","29.564719","-95.725017","19.5","2025-03",,"10","5",,,,,,,"0.86",,"2.34",,,,
"US1TXFB0083","RICHMOND 2.7 ESE, TX US","29.564719","-95.725017","19.5","2025-04",,"6","2",,,,,,,"0.35",,"0.80",,,,
"US1TXFB0083","RICHMOND 2.7 ESE, TX US","29.564719","-95.725017","19.5","2025-05",,"9","5",,,,,,,"1.10",,"3.93",,,,
"US1TXFB0083","RICHMOND 2.7 ESE, TX US","29.564719","-95.725017","19.5","2025-06",,"11","9",,,,,,,"1.16",,"6.33",,,,
"US1TXFB0083","RICHMOND 2.7 ESE, TX US","29.564719","-95.725017","19.5","2025-08",,"12","6",,,,,,,"1.10",,"2.54",,,,
"US1TXFB0083","RICHMOND 2.7 ESE, TX US","29.564719","-95.725017","19.5","2025-11",,"4","2",,,,,,,"1.10",,"1.98",,,,
"US1TXFB0083","RICHMOND 2.7 ESE, TX US","29.564719","-95.725017","19.5","2026-01",,"7","3",,,,,,,"0.96",,"1.45",,,,
"US1TXHRR278","TAYLOR LAKE VILLAGE 3.7 WNW, TX US","29.5955","-95.1117","6.7","2025-02",,"6","2",,,,,,,"1.90",,"4.33",,,,
"US1TXHRR278","TAYLOR LAKE VILLAGE 3.7 WNW, TX US","29.5955","-95.1117","6.7","2025-03",,"9","5",,,,,,,"1.98",,"3.09",,,,
"US1TXHRR278","TAYLOR LAKE VILLAGE 3.7 WNW, TX US","29.5955","-95.1117","6.7","2025-04",,"7","4",,,,,,,"2.51",,"3.63",,,,
"US1TXHRR278","TAYLOR LAKE VILLAGE 3.7 WNW, TX US","29.5955","-95.1117","6.7","2025-06",,"16","9",,,,,,,"2.60",,"7.48",,,,
"US1TXHRR278","TAYLOR LAKE VILLAGE 3.7 WNW, TX US","29.5955","-95.1117","6.7","2025-10",,"7","5",,,,,,,"1.26",,"3.60",,,,
"US1TXHRR278","TAYLOR LAKE VILLAGE 3.7 WNW, TX US","29.5955","-95.1117","6.7","2025-11",,"1","1",,,,,,"0.0","2.61",,"2.61","0.0",,,
"US1TXHRR278","TAYLOR LAKE VILLAGE 3.7 WNW, TX US","29.5955","-95.1117","6.7","2025-12",,"7","3",,,,,,,"0.65",,"1.00",,,,
"US1TXHRR278","TAYLOR LAKE VILLAGE 3.7 WNW, TX US","29.5955","-95.1117","6.7","2026-01",,"6","3",,,,,,,"1.00",,"2.26",,,,
"US1TXBRZ036","PEARLAND 7.4 W, TX US","29.548258","-95.398357","19.5","2025-01",,"11","6",,,,,,,"2.08",,"4.76",,,,
"US1TXBRZ036","PEARLAND 7.4 W, TX US","29.548258","-95.398357","19.5","2025-02",,,,,,,,,,,,"2.72",,,,
"US1TXBRZ036","PEARLAND 7.4 W, TX US","29.548258","-95.398357","19.5","2025-03",,"4","2",,,,,,,"0.56",,"1.01",,,,
"US1TXBRZ036","PEARLAND 7.4 W, TX US","29.548258","-95.398357","19.5","2025-04",,"4","3",,,,,,"0.0","2.02",,"3.11","0.0",,,
"US1TXBRZ036","PEARLAND 7.4 W, TX US","29.548258","-95.398357","19.5","2025-05",,"7","7",,,,,,,"1.64",,"4.67",,,,
"US1TXBRZ036","PEARLAND 7.4 W, TX US","29.548258","-95.398357","19.5","2025-06",,"6","4",,,,,,,"1.18",,"5.38",,,,
"US1TXBRZ036","PEARLAND 7.4 W, TX US","29.548258","-95.398357","19.5","2025-07",,"8","6",,,,,,,"1.98",,"4.73",,,,
"US1TXBRZ036","PEARLAND 7.4 W, TX US","29.548258","-95.398357","19.5","2025-08",,"12","8",,,,,,,"0.73",,"4.43",,,,
"US1TXBRZ036","PEARLAND 7.4 W, TX US","29.548258","-95.398357","19.5","2025-09",,"7","4",,,,,,,"1.25",,"3.63",,,,
"US1TXBRZ036","PEARLAND 7.4 W, TX US","29.548258","-95.398357","19.5","2025-10",,"3","2",,,,,,,"0.49",,"1.18",,,,
"US1TXBRZ036","PEARLAND 7.4 W, TX US","29.548258","-95.398357","19.5","2025-11",,"1","1",,,,,,"0.0","1.01",,"1.01","0.0",,,
"US1TXBRZ036","PEARLAND 7.4 W, TX US","29.548258","-95.398357","19.5","2025-12",,"4","3",,,,,,"0.0","1.03",,"2.06","0.0",,,
"US1TXBRZ036","PEARLAND 7.4 W, TX US","29.548258","-95.398357","19.5","2026-01",,"5","5",,,,,,"0.0","0.80",,"2.16","0.0",,,
"US1TXHRR119","WEST UNIVERSITY PLACE 0.4 WNW, TX US","29.717979","-95.436928","15.8","2025-01",,"15","9",,,,,,,"1.74",,"5.17",,,,
"US1TXHRR119","WEST UNIVERSITY PLACE 0.4 WNW, TX US","29.717979","-95.436928","15.8","2025-02",,"7","3",,,,,,,"1.71",,"3.04",,,,
"US1TXHRR119","WEST UNIVERSITY PLACE 0.4 WNW, TX US","29.717979","-95.436928","15.8","2025-03",,"7","5",,,,,,,"0.53",,"1.43",,,,
"US1TXHRR119","WEST UNIVERSITY PLACE 0.4 WNW, TX US","29.717979","-95.436928","15.8","2025-04",,"5","3",,,,,,,"0.90",,"2.26",,,,
"US1TXHRR317","HILSHIRE VILLAGE 2.7 NNE, TX US","29.823866","-95.464379","21.9","2025-01",,"7","3",,,,,,,"2.30",,"2.90",,,,
"US1TXHRR317","HILSHIRE VILLAGE 2.7 NNE, TX US","29.823866","-95.464379","21.9","2025-02",,"2","1",,,,,,,"0.23",,"0.30",,,,
"US1TXHRR317","HILSHIRE VILLAGE 2.7 NNE, TX US","29.823866","-95.464379","21.9","2025-03",,"4","3",,,,,,,"0.57",,"1.12",,,,
"US1TXHRR317","HILSHIRE VILLAGE 2.7 NNE, TX US","29.823866","-95.464379","21.9","2025-04",,"4","4",,,,,,"0.0","1.20",,"1.88","0.0",,,
"US1TXHRR317","HILSHIRE VILLAGE 2.7 NNE, TX US","29.823866","-95.464379","21.9","2025-05",,"9","7",,,,,,,"2.53",,"5.13",,,,
"US1TXHRR317","HILSHIRE VILLAGE 2.7 NNE, TX US","29.823866","-95.464379","21.9","2025-06",,"14","12",,,,,,,"3.13",,"10.53",,,,
"US1TXHRR317","HILSHIRE VILLAGE 2.7 NNE, TX US","29.823866","-95.464379","21.9","2025-08",,"7","6",,,,,,,"1.14",,"3.73",,,,
"US1TXHRR317","HILSHIRE VILLAGE 2.7 NNE, TX US","29.823866","-95.464379","21.9","2025-09",,"6","5",,,,,,,"0.34",,"1.11",,,,
"US1TXHRR317","HILSHIRE VILLAGE 2.7 NNE, TX US","29.823866","-95.464379","21.9","2025-10",,"3","3",,,,,,,"1.64",,"2.65",,,,
"US1TXHRR317","HILSHIRE VILLAGE 2.7 NNE, TX US","29.823866","-95.464379","21.9","2025-11",,"4","2",,,,,,"0.0","2.37",,"2.83","0.0",,,
"US1TXHRR317","HILSHIRE VILLAGE 2.7 NNE, TX US","29.823866","-95.464379","21.9","2025-12",,"4","2",,,,,,"0.0","0.53",,"1.04","0.0",,,
"USW00012906","HOUSTON ELLINGTON AFB, TX US","29.61667","-95.16667","9.8","2025-01",,,,"0","5","0","0","28",,,"77",,,"51.7","59.4","44.0"
"USW00012906","HOUSTON ELLINGTON AFB, TX US","29.61667","-95.16667","9.8","2025-02",,,,"0","2","0","0","28",,,"82",,,"60.0","68.0","52.1"
"USW00012906","HOUSTON ELLINGTON AFB, TX US","29.61667","-95.16667","9.8","2025-03",,,,"0","0","0","0","43",,,"88",,,"68.8","78.2","59.3"
"USW00012906","HOUSTON ELLINGTON AFB, TX US","29.61667","-95.16667","9.8","2025-04",,,,"0","0","0","0","48",,,"86",,,"73.0","80.3","65.7"
"USW00012906","HOUSTON ELLINGTON AFB, TX US","29.61667","-95.16667","9.8","2025-05",,,,"0","0","0","4","59",,,"91",,,"78.7","85.8","71.5"
"USW00012906","HOUSTON ELLINGTON AFB, TX US","29.61667","-95.16667","9.8","2025-06",,,,"0","0","0","14","70",,,"93",,,"82.8","89.7","76.0"
"USW00012906","HOUSTON ELLINGTON AFB, TX US","29.61667","-95.16667","9.8","2025-07",,,,"0","0","0","22","73",,,"97",,,"84.9","92.2","77.6"
"USW00012906","HOUSTON ELLINGTON AFB, TX US","29.61667","-95.16667","9.8","2025-10",,,,"0","0","0","4","50",,,"91",,,"76.6","85.3","67.9"
"USW00012906","HOUSTON ELLINGTON AFB, TX US","29.61667","-95.16667","9.8","2025-11",,,,"0","0","0","0","41",,,"88",,,"68.6","77.8","59.4"
"USW00012906","HOUSTON ELLINGTON AFB, TX US","29.61667","-95.16667","9.8","2025-12",,,,"0","1","0","0","32",,,"82",,,"60.0","68.2","51.7"
"USW00012906","HOUSTON ELLINGTON AFB, TX US","29.61667","-95.16667","9.8","2026-01",,,,"0","2","0","0","25",,,"84",,,"57.6","66.8","48.4"
"US1TXBRZ045","PEARLAND 3.4 WSW, TX US","29.538225","-95.327694","15.5","2025-01",,"12","9",,,,,,,"2.03",,"5.43",,,,
"US1TXBRZ045","PEARLAND 3.4 WSW, TX US","29.538225","-95.327694","15.5","2025-02",,"5","3",,,,,,"0.0","2.41",,"4.51","0.0",,,
"US1TXBRZ045","PEARLAND 3.4 WSW, TX US","29.538225","-95.327694","15.5","2025-03",,"9","4",,,,,,,"0.61",,"1.59",,,,
"US1TXBRZ045","PEARLAND 3.4 WSW, TX US","29.538225","-95.327694","15.5","2025-04",,"5","4",,,,,,,"2.97",,"4.95",,,,
"US1TXBRZ045","PEARLAND 3.4 WSW, TX US","29.538225","-95.327694","15.5","2025-05",,"8","6",,,,,,,"1.78",,"3.63",,,,
"US1TXBRZ045","PEARLAND 3.4 WSW, TX US","29.538225","-95.327694","15.5","2025-06",,"14","9",,,,,,,"1.99",,"5.49",,,,
"US1TXBRZ045","PEARLAND 3.4 WSW, TX US","29.538225","-95.327694","15.5","2025-07",,"3","2",,,,,,,"0.85",,"2.93",,,,
"US1TXBRZ045","PEARLAND 3.4 WSW, TX US","29.538225","-95.327694","15.5","2025-08",,"8","6",,,,,,,"0.57",,"2.13",,,,
"US1TXBRZ045","PEARLAND 3.4 WSW, TX US","29.538225","-95.327694","15.5","2025-09",,"7","6",,,,,,,"1.45",,"3.18",,,,
"US1TXBRZ045","PEARLAND 3.4 WSW, TX US","29.538225","-95.327694","15.5","2025-10",,"4","1",,,,,,,"0.42",,"1.51",,,,
"US1TXBRZ045","PEARLAND 3.4 WSW, TX US","29.538225","-95.327694","15.5","2025-11",,"3","1",,,,,,"0.0","1.80",,"1.96","0.0",,,
"US1TXFB0005","SUGAR LAND 1.1 WSW, TX US","29.614304","-95.634029","19.5","2025-01",,"17","10",,,,,,,"1.99",,"5.31",,,,
"US1TXFB0005","SUGAR LAND 1.1 WSW, TX US","29.614304","-95.634029","19.5","2025-02",,"7","4",,,,,,,"1.94",,"3.82",,,,
"US1TXFB0005","SUGAR LAND 1.1 WSW, TX US","29.614304","-95.634029","19.5","2025-03",,"8","5",,,,,,,"0.74",,"2.20",,,,
"US1TXFB0005","SUGAR LAND 1.1 WSW, TX US","29.614304","-95.634029","19.5","2025-04",,"6","3",,,,,,,"1.81",,"3.14",,,,
"US1TXFB0005","SUGAR LAND 1.1 WSW, TX US","29.614304","-95.634029","19.5","2025-05",,"9","7",,,,,,,"2.29",,"5.99",,,,
"US1TXFB0005","SUGAR LAND 1.1 WSW, TX US","29.614304","-95.634029","19.5","2025-06",,"16","14",,,,,,,"1.22",,"7.23",,,,
"US1TXFB0005","SUGAR LAND 1.1 WSW, TX US","29.614304","-95.634029","19.5","2025-07",,"10","8",,,,,,,"1.27",,"3.27",,,,
"US1TXFB0005","SUGAR LAND 1.1 WSW, TX US","29.614304","-95.634029","19.5","2025-08",,"20","11",,,,,,,"2.86",,"9.39",,,,
"US1TXFB0005","SUGAR LAND 1.1 WSW, TX US","29.614304","-95.634029","19.5","2025-09",,"10","6",,,,,,,"0.82",,"2.19",,,,
"US1TXFB0005","SUGAR LAND 1.1 WSW, TX US","29.614304","-95.634029","19.5","2025-10",,"5","3",,,,,,"0.0","1.31",,"2.65","0.0",,,
"US1TXFB0005","SUGAR LAND 1.1 WSW, TX US","29.614304","-95.634029","19.5","2025-11",,"5","3",,,,,,"0.0","1.00",,"1.44","0.0",,,
"US1TXFB0005","SUGAR LAND 1.1 WSW, TX US","29.614304","-95.634029","19.5","2025-12",,"8","2",,,,,,,"0.82",,"1.72",,,,
"US1TXFB0005","SUGAR LAND 1.1 WSW, TX US","29.614304","-95.634029","19.5","2026-01",,"7","3",,,,,,,"0.79",,"1.73",,,,
"USC00414333","HOUSTON NATIONAL WEATHER SERVICE OFFICE, TX US","29.4718","-95.0832","5.8","2025-01",,"12","8","0","9","0","0","18","2.6","1.73","76","4.15","2.6","48.9","56.8","40.9"
"USC00414333","HOUSTON NATIONAL WEATHER SERVICE OFFICE, TX US","29.4718","-95.0832","5.8","2025-02",,"7","5","0","2","0","0","28","0.0","0.72","81","1.58","0.0","60.1","68.3","51.8"
"USC00414333","HOUSTON NATIONAL WEATHER SERVICE OFFICE, TX US","29.4718","-95.0832","5.8","2025-03",,"11","4","0","0","0","0","43","0.0","0.59","86","2.04","0.0","67.2","76.5","58.0"
"USC00414333","HOUSTON NATIONAL WEATHER SERVICE OFFICE, TX US","29.4718","-95.0832","5.8","2025-04",,"7","5","0","0","0","0","44","0.0","1.49","85","3.54","0.0","72.1","79.5","64.7"
"USC00414333","HOUSTON NATIONAL WEATHER SERVICE OFFICE, TX US","29.4718","-95.0832","5.8","2025-05",,"11","8","0","0","0","4","57","0.0","1.68","90","6.04","0.0","77.6","85.0","70.1"
"USC00414333","HOUSTON NATIONAL WEATHER SERVICE OFFICE, TX US","29.4718","-95.0832","5.8","2025-06",,"14","9","0","0","0","19","68","0.0","2.93","92","7.84","0.0","82.4","89.6","75.2"
"USC00414333","HOUSTON NATIONAL WEATHER SERVICE OFFICE, TX US","29.4718","-95.0832","5.8","2025-07",,"10","4","0","0","0","28","71","0.0","0.73","98","1.54","0.0","84.5","92.3","76.7"
"USC00414333","HOUSTON NATIONAL WEATHER SERVICE OFFICE, TX US","29.4718","-95.0832","5.8","2025-08",,"9","7","0","0","0","29","73","0.0","1.37","96","5.66","0.0","84.3","92.6","76.1"
"USC00414333","HOUSTON NATIONAL WEATHER SERVICE OFFICE, TX US","29.4718","-95.0832","5.8","2025-09",,"9","5","0","0","0","21","65","0.0","1.45","95","3.25","0.0","81.0","90.2","71.8"
"USC00414333","HOUSTON NATIONAL WEATHER SERVICE OFFICE, TX US","29.4718","-95.0832","5.8","2025-10",,"5","4","0","0","0","5","47","0.0","0.90","92","2.26","0.0","75.5","85.4","65.5"
"USC00414333","HOUSTON NATIONAL WEATHER SERVICE OFFICE, TX US","29.4718","-95.0832","5.8","2025-11",,"5","1","0","0","0","0","38","0.0","2.52","86","2.66","0.0","67.6","77.7","57.5"
"USC00414333","HOUSTON NATIONAL WEATHER SERVICE OFFICE, TX US","29.4718","-95.0832","5.8","2025-12",,"9","6","0","2","0","0","32","0.0","0.29","82","1.25","0.0","59.3","68.7","49.9"
"USC00414333","HOUSTON NATIONAL WEATHER SERVICE OFFICE, TX US","29.4718","-95.0832","5.8","2026-01",,"7","4","0","6","0","0","23","0.0","1.12","84","2.94","0.0","54.9","65.0","44.8"
"US1TXGV0009","DICKINSON 1.4 W, TX US","29.45549","-95.088872","10.1","2025-01",,"11","8",,,,,,,"1.73",,"3.63",,,,
"US1TXGV0009","DICKINSON 1.4 W, TX US","29.45549","-95.088872","10.1","2025-02",,"6","3",,,,,,,"1.51",,"2.31",,,,
"US1TXGV0009","DICKINSON 1.4 W, TX US","29.45549","-95.088872","10.1","2025-03",,"10","4",,,,,,,"1.11",,"1.96",,,,
"US1TXGV0009","DICKINSON 1.4 W, TX US","29.45549","-95.088872","10.1","2025-04",,"4","4",,,,,,"0.0","1.43",,"3.85","0.0",,,
"US1TXGV0009","DICKINSON 1.4 W, TX US","29.45549","-95.088872","10.1","2025-05",,"7","6",,,,,,,"2.09",,"6.29",,,,
"US1TXGV0009","DICKINSON 1.4 W, TX US","29.45549","-95.088872","10.1","2025-06",,"12","9",,,,,,,"2.42",,"5.94",,,,
"US1TXGV0009","DICKINSON 1.4 W, TX US","29.45549","-95.088872","10.1","2025-07",,"7","4",,,,,,,"0.31",,"0.87",,,,
"US1TXGV0009","DICKINSON 1.4 W, TX US","29.45549","-95.088872","10.1","2025-08",,"10","7",,,,,,,"0.94",,"4.11",,,,
"US1TXGV0009","DICKINSON 1.4 W, TX US","29.45549","-95.088872","10.1","2025-09",,"8","4",,,,,,,"1.53",,"5.01",,,,
"US1TXGV0009","DICKINSON 1.4 W, TX US","29.45549","-95.088872","10.1","2025-10",,"5","4",,,,,,"0.0","0.47",,"1.61","0.0",,,
"US1TXGV0009","DICKINSON 1.4 W, TX US","29.45549","-95.088872","10.1","2025-11",,"2","1",,,,,,"0.0","2.04",,"2.07","0.0",,,
"US1TXGV0009","DICKINSON 1.4 W, TX US","29.45549","-95.088872","10.1","2025-12",,"8","4",,,,,,,"0.43",,"1.43",,,,
"US1TXGV0009","DICKINSON 1.4 W, TX US","29.45549","-95.088872","10.1","2026-01",,"5","4",,,,,,"0.0","0.93",,"2.98","0.0",,,
"US1TXBRZ041","ALVIN 3.4 SW, TX US","29.395","-95.28187","10.4","2025-04",,"5","3",,,,,,,"5.48",,"8.02",,,,
"US1TXBRZ041","ALVIN 3.4 SW, TX US","29.395","-95.28187","10.4","2025-05",,"10","5",,,,,,,"2.50",,"5.65",,,,
"US1TXBRZ041","ALVIN 3.4 SW, TX US","29.395","-95.28187","10.4","2026-01",,,,,,,,,,,,"2.70",,,,
"US1TXFB0088","ARCOLA 4.7 SW, TX US","29.460494","-95.526878","19.8","2025-01",,,,,,,,,,,,"6.22",,,,
"US1TXFB0088","ARCOLA 4.7 SW, TX US","29.460494","-95.526878","19.8","2025-02",,,,,,,,,,,,"4.26",,,,
"US1TXFB0087","MISSOURI CITY 3.9 S, TX US","29.5169","-95.525","28.0","2025-01",,,,,,,,,,,,"3.23",,,,
"US1TXFB0087","MISSOURI CITY 3.9 S, TX US","29.5169","-95.525","28.0","2025-08",,,,,,,,,,,,"3.46",,,,
"US1TXGV0084","LEAGUE CITY 5.3 E, TX US","29.496753","-95.020059","3.7","2025-01",,"13","7",,,,,,,"1.97",,"3.79",,,,
"US1TXGV0084","LEAGUE CITY 5.3 E, TX US","29.496753","-95.020059","3.7","2025-04",,"4","3",,,,,,,"1.66",,"3.76",,,,
"US1TXGV0084","LEAGUE CITY 5.3 E, TX US","29.496753","-95.020059","3.7","2025-05",,"8","6",,,,,,,"2.58",,"5.30",,,,
"US1TXGV0084","LEAGUE CITY 5.3 E, TX US","29.496753","-95.020059","3.7","2025-07",,"10","5",,,,,,,"0.85",,"2.33",,,,
"US1TXGV0084","LEAGUE CITY 5.3 E, TX US","29.496753","-95.020059","3.7","2025-08",,"9","7",,,,,,,"2.45",,"5.48",,,,
"US1TXGV0084","LEAGUE CITY 5.3 E, TX US","29.496753","-95.020059","3.7","2025-10",,,,,,,,,,,,"2.28",,,,
"US1TXGV0084","LEAGUE CITY 5.3 E, TX US","29.496753","-95.020059","3.7","2025-12",,"6","4",,,,,,,"0.45",,"1.22",,,,
"US1TXGV0084","LEAGUE CITY 5.3 E, TX US","29.496753","-95.020059","3.7","2026-01",,"5","4",,,,,,,"1.33",,"2.95",,,,
"US1TXHRR280","SEABROOK 0.7 NW, TX US","29.586119","-95.001968","3.4","2025-01",,,,,,,,,,,,"2.75",,,,
"US1TXHRR280","SEABROOK 0.7 NW, TX US","29.586119","-95.001968","3.4","2025-03",,"11","4",,,,,,,"1.11",,"2.01",,,,
"US1TXHRR280","SEABROOK 0.7 NW, TX US","29.586119","-95.001968","3.4","2025-04",,,,,,,,,,,,"2.98",,,,
"US1TXHRR280","SEABROOK 0.7 NW, TX US","29.586119","-95.001968","3.4","2025-05",,,,,,,,,,,,"3.30",,,,
"US1TXHRR280","SEABROOK 0.7 NW, TX US","29.586119","-95.001968","3.4","2025-06",,"12","4",,,,,,,"0.73",,"4.52",,,,
"US1TXHRR280","SEABROOK 0.7 NW, TX US","29.586119","-95.001968","3.4","2025-07",,"14","10",,,,,,,"0.90",,"3.49",,,,
"US1TXHRR280","SEABROOK 0.7 NW, TX US","29.586119","-95.001968","3.4","2025-08",,,,,,,,,,,,"3.35",,,,
"US1TXHRR280","SEABROOK 0.7 NW, TX US","29.586119","-95.001968","3.4","2025-09",,,,,,,,,,,,"2.56",,,,
"US1TXHRR280","SEABROOK 0.7 NW, TX US","29.586119","-95.001968","3.4","2025-12",,,,,,,,,,,,"0.94",,,,
"US1TXHRR280","SEABROOK 0.7 NW, TX US","29.586119","-95.001968","3.4","2026-01",,"4","3",,,,,,,"1.44",,"3.07",,,,
"US1TXGV0088","DICKINSON 0.4 SSW, TX US","29.448894","-95.069311","3.4","2025-01",,"15","8",,,,,,,"2.24",,"4.43",,,,
"US1TXGV0088","DICKINSON 0.4 SSW, TX US","29.448894","-95.069311","3.4","2025-02",,"8","4",,,,,,,"1.77",,"2.69",,,,
"US1TXGV0088","DICKINSON 0.4 SSW, TX US","29.448894","-95.069311","3.4","2025-03",,"9","6",,,,,,,"0.67",,"2.12",,,,
"US1TXGV0088","DICKINSON 0.4 SSW, TX US","29.448894","-95.069311","3.4","2025-04",,"4","4",,,,,,,"1.18",,"3.35",,,,
"US1TXGV0088","DICKINSON 0.4 SSW, TX US","29.448894","-95.069311","3.4","2025-05",,"10","7",,,,,,,"2.48",,"6.24",,,,
"US1TXGV0088","DICKINSON 0.4 SSW, TX US","29.448894","-95.069311","3.4","2025-06",,"12","10",,,,,,,"3.28",,"7.59",,,,
"US1TXGV0088","DICKINSON 0.4 SSW, TX US","29.448894","-95.069311","3.4","2025-07",,"8","6",,,,,,,"0.75",,"1.70",,,,
"US1TXGV0088","DICKINSON 0.4 SSW, TX US","29.448894","-95.069311","3.4","2025-08",,"9","7",,,,,,,"1.43",,"5.83",,,,
"US1TXGV0088","DICKINSON 0.4 SSW, TX US","29.448894","-95.069311","3.4","2025-09",,"9","5",,,,,,,"2.10",,"4.53",,,,
"US1TXGV0088","DICKINSON 0.4 SSW, TX US","29.448894","-95.069311","3.4","2025-10",,"6","4",,,,,,,"0.55",,"1.77",,,,
"US1TXGV0088","DICKINSON 0.4 SSW, TX US","29.448894","-95.069311","3.4","2025-11",,"3","1",,,,,,"0.0","2.26",,"2.30","0.0",,,
"US1TXGV0088","DICKINSON 0.4 SSW, TX US","29.448894","-95.069311","3.4","2025-12",,"10","4",,,,,,,"0.57",,"1.50",,,,
"US1TXGV0088","DICKINSON 0.4 SSW, TX US","29.448894","-95.069311","3.4","2026-01",,"6","4",,,,,,,"1.60",,"2.80",,,,
"US1TXHRR027","BUNKER HILL VILLAGE 3.6 NNW, TX US","29.813836","-95.550465","29.0","2025-01",,"15","7",,,,,,,"1.69",,"4.95",,,,
"US1TXHRR027","BUNKER HILL VILLAGE 3.6 NNW, TX US","29.813836","-95.550465","29.0","2025-02",,"10","6",,,,,,,"2.13",,"5.15",,,,
"US1TXHRR027","BUNKER HILL VILLAGE 3.6 NNW, TX US","29.813836","-95.550465","29.0","2025-03",,"8","5",,,,,,,"1.11",,"2.14",,,,
"US1TXHRR027","BUNKER HILL VILLAGE 3.6 NNW, TX US","29.813836","-95.550465","29.0","2025-04",,"4","2",,,,,,,"0.82",,"1.60",,,,
"US1TXHRR027","BUNKER HILL VILLAGE 3.6 NNW, TX US","29.813836","-95.550465","29.0","2025-05",,"4","4",,,,,,,"0.89",,"1.76",,,,
"US1TXHRR027","BUNKER HILL VILLAGE 3.6 NNW, TX US","29.813836","-95.550465","29.0","2025-06",,"16","11",,,,,,,"1.70",,"6.98",,,,
"US1TXHRR027","BUNKER HILL VILLAGE 3.6 NNW, TX US","29.813836","-95.550465","29.0","2025-07",,"9","6",,,,,,,"1.32",,"3.81",,,,
"US1TXHRR027","BUNKER HILL VILLAGE 3.6 NNW, TX US","29.813836","-95.550465","29.0","2025-08",,"10","7",,,,,,,"1.20",,"3.89",,,,
"US1TXHRR027","BUNKER HILL VILLAGE 3.6 NNW, TX US","29.813836","-95.550465","29.0","2025-09",,"7","6",,,,,,,"2.25",,"4.96",,,,
"US1TXHRR027","BUNKER HILL VILLAGE 3.6 NNW, TX US","29.813836","-95.550465","29.0","2025-10",,"4","3",,,,,,"0.0","1.42",,"3.00","0.0",,,
"US1TXHRR027","BUNKER HILL VILLAGE 3.6 NNW, TX US","29.813836","-95.550465","29.0","2025-11",,"6","3",,,,,,,"2.04",,"2.78",,,,
"US1TXHRR027","BUNKER HILL VILLAGE 3.6 NNW, TX US","29.813836","-95.550465","29.0","2025-12",,"9","4",,,,,,,"1.49",,"3.50",,,,
"US1TXHRR027","BUNKER HILL VILLAGE 3.6 NNW, TX US","29.813836","-95.550465","29.0","2026-01",,"5","4",,,,,,,"0.93",,"2.99",,,,
"US1TXFB0090","RICHMOND 2.7 NNW, TX US","29.617718","-95.779184","29.0","2025-01",,"16","9",,,,,,,"1.80",,"5.54",,,,
"US1TXFB0090","RICHMOND 2.7 NNW, TX US","29.617718","-95.779184","29.0","2025-02",,"9","3",,,,,,,"1.38",,"2.85",,,,
"US1TXFB0090","RICHMOND 2.7 NNW, TX US","29.617718","-95.779184","29.0","2025-03",,"9","6",,,,,,,"0.53",,"2.03",,,,
"US1TXFB0090","RICHMOND 2.7 NNW, TX US","29.617718","-95.779184","29.0","2025-04",,"5","3",,,,,,"0.0","0.30",,"0.78","0.0",,,
"US1TXFB0090","RICHMOND 2.7 NNW, TX US","29.617718","-95.779184","29.0","2025-06",,"11","9",,,,,,,"1.71",,"7.03",,,,
"US1TXFB0090","RICHMOND 2.7 NNW, TX US","29.617718","-95.779184","29.0","2025-07",,"8","5",,,,,,,"0.31",,"0.92",,,,
"US1TXFB0090","RICHMOND 2.7 NNW, TX US","29.617718","-95.779184","29.0","2025-08",,"14","7",,,,,,,"2.19",,"3.94",,,,
"US1TXFB0090","RICHMOND 2.7 NNW, TX US","29.617718","-95.779184","29.0","2025-09",,"5","5",,,,,,"0.0","1.30",,"3.50","0.0",,,
"US1TXFB0090","RICHMOND 2.7 NNW, TX US","29.617718","-95.779184","29.0","2025-10",,"5","4",,,,,,"0.0","0.94",,"1.98","0.0",,,
"US1TXFB0090","RICHMOND 2.7 NNW, TX US","29.617718","-95.779184","29.0","2025-11",,"6","3",,,,,,,"1.16",,"2.82",,,,
"US1TXFB0090","RICHMOND 2.7 NNW, TX US","29.617718","-95.779184","29.0","2025-12",,"8","4",,,,,,,"0.66",,"1.38",,,,
"US1TXFB0090","RICHMOND 2.7 NNW, TX US","29.617718","-95.779184","29.0","2026-01",,"6","4",,,,,,"0.0","0.97",,"2.48","0.0",,,
"US1TXHRR305","PASADENA 4.2 SE, TX US","29.609864","-95.11284","7.9","2025-02",,,,,,,,,,,,"5.73",,,,
"US1TXHRR305","PASADENA 4.2 SE, TX US","29.609864","-95.11284","7.9","2025-03",,,,,,,,,,,,"3.81",,,,
"US1TXHRR305","PASADENA 4.2 SE, TX US","29.609864","-95.11284","7.9","2025-04",,,,,,,,,,,,"1.50",,,,
"US1TXHRR305","PASADENA 4.2 SE, TX US","29.609864","-95.11284","7.9","2025-06",,,,,,,,,,,,"8.12",,,,
"US1TXHRR305","PASADENA 4.2 SE, TX US","29.609864","-95.11284","7.9","2025-08",,,,,,,,,,,,"4.16",,,,
"US1TXHRR305","PASADENA 4.2 SE, TX US","29.609864","-95.11284","7.9","2025-10",,"1","0",,,,,,,"0.07",,"3.90",,,,
"US1TXHRR305","PASADENA 4.2 SE, TX US","29.609864","-95.11284","7.9","2025-11",,,,,,,,,,,,"0.00",,,,
"US1TXHRR305","PASADENA 4.2 SE, TX US","29.609864","-95.11284","7.9","2025-12",,,,,,,,,,,,"0.17",,,,
"US1TXHRR305","PASADENA 4.2 SE, TX US","29.609864","-95.11284","7.9","2026-01",,"2","2",,,,,,"0.0","0.97",,"1.60","0.0",,,
"US1TXFB0051","RICHMOND 4.4 NNE, TX US","29.6407909393311","-95.7390289306641","25.9","2025-05",,,,,,,,,,,,"2.71",,,,
"US1TXFB0051","RICHMOND 4.4 NNE, TX US","29.6407909393311","-95.7390289306641","25.9","2025-06",,,,,,,,,,,,"4.48",,,,
"US1TXFB0051","RICHMOND 4.4 NNE, TX US","29.6407909393311","-95.7390289306641","25.9","2025-07",,,,,,,,,,,,"2.15",,,,
"US1TXHRR147","SOUTH HOUSTON 3.0 S, TX US","29.617161","-95.234062","12.5","2025-03",,"8","5",,,,,,,"0.74",,"1.60",,,,
"US1TXHRR147","SOUTH HOUSTON 3.0 S, TX US","29.617161","-95.234062","12.5","2025-04",,"5","5",,,,,,,"2.89",,"4.67",,,,
"US1TXHRR147","SOUTH HOUSTON 3.0 S, TX US","29.617161","-95.234062","12.5","2025-05",,"10","8",,,,,,,"1.16",,"4.68",,,,
"US1TXHRR147","SOUTH HOUSTON 3.0 S, TX US","29.617161","-95.234062","12.5","2025-06",,"9","6",,,,,,,"1.97",,"6.36",,,,
"US1TXHRR147","SOUTH HOUSTON 3.0 S, TX US","29.617161","-95.234062","12.5","2025-07",,"5","4",,,,,,,"2.85",,"4.51",,,,
"US1TXHRR147","SOUTH HOUSTON 3.0 S, TX US","29.617161","-95.234062","12.5","2025-08",,"6","5",,,,,,,"2.75",,"4.74",,,,
"US1TXHRR147","SOUTH HOUSTON 3.0 S, TX US","29.617161","-95.234062","12.5","2025-11",,"1","1",,,,,,"0.0","2.18",,"2.18","0.0",,,
"US1TXMNG090","CONROE 12.7 SSE, TX US","30.14592","-95.41304","40.8","2025-01",,"11","6",,,,,,,"2.12",,"3.89",,,,
"US1TXMNG090","CONROE 12.7 SSE, TX US","30.14592","-95.41304","40.8","2025-02",,"6","5",,,,,,,"1.68",,"4.29",,,,
"US1TXMNG090","CONROE 12.7 SSE, TX US","30.14592","-95.41304","40.8","2025-03",,"9","6",,,,,,,"1.10",,"3.17",,,,
"US1TXMNG090","CONROE 12.7 SSE, TX US","30.14592","-95.41304","40.8","2025-04",,"6","4",,,,,,,"2.62",,"4.01",,,,
"US1TXMNG090","CONROE 12.7 SSE, TX US","30.14592","-95.41304","40.8","2025-05",,"10","6",,,,,,,"2.13",,"4.87",,,,
"US1TXMNG090","CONROE 12.7 SSE, TX US","30.14592","-95.41304","40.8","2025-06",,"9","6",,,,,,,"2.77",,"9.94",,,,
"US1TXMNG090","CONROE 12.7 SSE, TX US","30.14592","-95.41304","40.8","2025-07",,"11","7",,,,,,,"2.68",,"6.07",,,,
"US1TXMNG090","CONROE 12.7 SSE, TX US","30.14592","-95.41304","40.8","2025-08",,"8","4",,,,,,,"1.93",,"4.86",,,,
"US1TXMNG090","CONROE 12.7 SSE, TX US","30.14592","-95.41304","40.8","2025-09",,"4","3",,,,,,"0.0","0.94",,"1.28","0.0",,,
"US1TXMNG090","CONROE 12.7 SSE, TX US","30.14592","-95.41304","40.8","2025-10",,"3","2",,,,,,"0.0","1.05",,"1.86","0.0",,,
"US1TXMNG090","CONROE 12.7 SSE, TX US","30.14592","-95.41304","40.8","2025-11",,"5","3",,,,,,"0.0","2.77",,"3.94","0.0",,,
"US1TXMNG090","CONROE 12.7 SSE, TX US","30.14592","-95.41304","40.8","2025-12",,"3","3",,,,,,"0.0","0.94",,"1.38","0.0",,,
"US1TXMNG090","CONROE 12.7 SSE, TX US","30.14592","-95.41304","40.8","2026-01",,"6","5",,,,,,,"1.03",,"2.99",,,,
"US1TXHRR306","KINGWOOD 2.4 W, TX US","30.0592","-95.2262","22.9","2025-01",,"11","7",,,,,,,"1.71",,"5.00",,,,
"US1TXHRR306","KINGWOOD 2.4 W, TX US","30.0592","-95.2262","22.9","2025-02",,"8","4",,,,,,,"1.73",,"4.36",,,,
"US1TXHRR306","KINGWOOD 2.4 W, TX US","30.0592","-95.2262","22.9","2025-03",,"8","7",,,,,,,"0.51",,"2.97",,,,
"US1TXHRR306","KINGWOOD 2.4 W, TX US","30.0592","-95.2262","22.9","2025-04",,"7","5",,,,,,,"1.02",,"2.77",,,,
"US1TXHRR306","KINGWOOD 2.4 W, TX US","30.0592","-95.2262","22.9","2025-05",,"9","6",,,,,,,"2.38",,"6.45",,,,
"US1TXHRR306","KINGWOOD 2.4 W, TX US","30.0592","-95.2262","22.9","2025-06",,"13","9",,,,,,,"2.34",,"8.92",,,,
"US1TXHRR306","KINGWOOD 2.4 W, TX US","30.0592","-95.2262","22.9","2025-07",,"12","8",,,,,,,"1.57",,"5.09",,,,
"US1TXHRR306","KINGWOOD 2.4 W, TX US","30.0592","-95.2262","22.9","2025-08",,"10","5",,,,,,,"1.43",,"2.83",,,,
"US1TXHRR306","KINGWOOD 2.4 W, TX US","30.0592","-95.2262","22.9","2025-09",,"5","5",,,,,,"0.0","0.90",,"2.82","0.0",,,
"US1TXHRR306","KINGWOOD 2.4 W, TX US","30.0592","-95.2262","22.9","2025-10",,"4","4",,,,,,"0.0","1.73",,"3.65","0.0",,,
"US1TXHRR306","KINGWOOD 2.4 W, TX US","30.0592","-95.2262","22.9","2025-11",,"4","3",,,,,,"0.0","2.40",,"4.08","0.0",,,
"US1TXHRR306","KINGWOOD 2.4 W, TX US","30.0592","-95.2262","22.9","2025-12",,"6","4",,,,,,,"1.33",,"2.20",,,,
"US1TXHRR306","KINGWOOD 2.4 W, TX US","30.0592","-95.2262","22.9","2026-01",,"6","4",,,,,,,"1.16",,"3.00",,,,
"USW00012960","HOUSTON INTERCONTINENTAL AIRPORT, TX US","29.98438","-95.36072","27.5","2025-01","8.5","12","8","0","9","0","0","20","1.2","1.33","78","4.23","1.4","49.4","58.2","40.6"
"USW00012960","HOUSTON INTERCONTINENTAL AIRPORT, TX US","29.98438","-95.36072","27.5","2025-02","8.5","7","5","0","2","0","0","27","0.0","1.60","86","4.10","0.0","60.1","69.6","50.6"
"USW00012960","HOUSTON INTERCONTINENTAL AIRPORT, TX US","29.98438","-95.36072","27.5","2025-03","9.2","6","5","0","0","0","1","41","0.0","0.83","90","1.91","0.0","68.4","79.7","57.1"
"USW00012960","HOUSTON INTERCONTINENTAL AIRPORT, TX US","29.98438","-95.36072","27.5","2025-04","10.5","7","5","0","0","0","0","46","0.0","0.68","89","1.93","0.0","74.6","83.9","65.2"
"USW00012960","HOUSTON INTERCONTINENTAL AIRPORT, TX US","29.98438","-95.36072","27.5","2025-05","8.9","12","6","0","0","0","16","59","0.0","1.31","96","4.95","0.0","80.6","89.4","71.8"
"USW00012960","HOUSTON INTERCONTINENTAL AIRPORT, TX US","29.98438","-95.36072","27.5","2025-06","7.4","13","8","0","0","0","27","71","0.0","1.59","98","5.26","0.0","84.6","93.1","76.2"
"USW00012960","HOUSTON INTERCONTINENTAL AIRPORT, TX US","29.98438","-95.36072","27.5","2025-07","5.8","7","6","0","0","0","31","73","0.0","1.11","101","4.20","0.0","86.3","95.3","77.4"
"USW00012960","HOUSTON INTERCONTINENTAL AIRPORT, TX US","29.98438","-95.36072","27.5","2025-08",,"8","6","0","0","0","29","75","0.0","0.99","101","2.33","0.0","86.9","96.3","77.5"
"USW00012960","HOUSTON INTERCONTINENTAL AIRPORT, TX US","29.98438","-95.36072","27.5","2025-09","5.6","4","4","0","0","0","26","63","0.0","0.65","98","1.21","0.0","81.7","92.3","71.0"
"USW00012960","HOUSTON INTERCONTINENTAL AIRPORT, TX US","29.98438","-95.36072","27.5","2025-10","6.3","2","2","0","0","0","15","47","0.0","2.84","95","3.36","0.0","76.0","88.0","64.0"
"USW00012960","HOUSTON INTERCONTINENTAL AIRPORT, TX US","29.98438","-95.36072","27.5","2025-11","6.9","4","3","0","0","0","0","37","0.0","1.96","88","3.12","0.0","67.4","78.6","56.1"
"USW00012960","HOUSTON INTERCONTINENTAL AIRPORT, TX US","29.98438","-95.36072","27.5","2025-12","7.4","4","4","0","2","0","0","31","0.0","0.92","84","1.84","0.0","59.4","69.4","49.4"
"USW00012960","HOUSTON INTERCONTINENTAL AIRPORT, TX US","29.98438","-95.36072","27.5","2026-01",,"6","5","0","8","0","0","23","0.0","0.86","84","2.87","0.0","54.7","65.1","44.2"
"US1TXMNG088","THE WOODLANDS 2.9 N, TX US","30.1991497","-95.4874318","46.9","2025-01",,"12","5",,,,,,,"2.15",,"3.51",,,,
"US1TXMNG088","THE WOODLANDS 2.9 N, TX US","30.1991497","-95.4874318","46.9","2025-02",,"8","5",,,,,,,"1.18",,"2.74",,,,
"US1TXMNG088","THE WOODLANDS 2.9 N, TX US","30.1991497","-95.4874318","46.9","2025-03",,"8","6",,,,,,,"0.66",,"2.44",,,,
"US1TXMNG088","THE WOODLANDS 2.9 N, TX US","30.1991497","-95.4874318","46.9","2025-04",,"7","5",,,,,,,"1.30",,"3.06",,,,
"US1TXMNG088","THE WOODLANDS 2.9 N, TX US","30.1991497","-95.4874318","46.9","2025-05",,"10","6",,,,,,,"1.73",,"6.11",,,,
"US1TXMNG088","THE WOODLANDS 2.9 N, TX US","30.1991497","-95.4874318","46.9","2025-06",,"12","10",,,,,,,"1.62",,"6.95",,,,
"US1TXMNG088","THE WOODLANDS 2.9 N, TX US","30.1991497","-95.4874318","46.9","2025-07",,"8","6",,,,,,,"2.03",,"5.37",,,,
"US1TXMNG088","THE WOODLANDS 2.9 N, TX US","30.1991497","-95.4874318","46.9","2025-08",,"9","8",,,,,,,"0.87",,"3.64",,,,
"US1TXMNG088","THE WOODLANDS 2.9 N, TX US","30.1991497","-95.4874318","46.9","2025-09",,"5","4",,,,,,,"1.80",,"4.32",,,,
"US1TXMNG088","THE WOODLANDS 2.9 N, TX US","30.1991497","-95.4874318","46.9","2025-11",,"5","3",,,,,,,"3.85",,"4.76",,,,
"US1TXMNG088","THE WOODLANDS 2.9 N, TX US","30.1991497","-95.4874318","46.9","2025-12",,"9","2",,,,,,,"1.03",,"1.35",,,,
"US1TXMNG088","THE WOODLANDS 2.9 N, TX US","30.1991497","-95.4874318","46.9","2026-01",,"7","5",,,,,,,"1.75",,"3.06",,,,
"US1TXMNG123","MAGNOLIA 6.5 SSE, TX US","30.13007","-95.69471","57.9","2025-01",,"15","4",,,,,,,"2.18",,"3.49",,,,
"US1TXMNG123","MAGNOLIA 6.5 SSE, TX US","30.13007","-95.69471","57.9","2025-02",,"9","4",,,,,,,"1.12",,"2.47",,,,
"US1TXMNG123","MAGNOLIA 6.5 SSE, TX US","30.13007","-95.69471","57.9","2025-03",,"10","4",,,,,,,"1.61",,"3.00",,,,
"US1TXMNG123","MAGNOLIA 6.5 SSE, TX US","30.13007","-95.69471","57.9","2025-04",,"8","3",,,,,,,"1.96",,"4.77",,,,
"US1TXMNG123","MAGNOLIA 6.5 SSE, TX US","30.13007","-95.69471","57.9","2025-05",,"9","7",,,,,,,"2.49",,"7.51",,,,
"US1TXMNG123","MAGNOLIA 6.5 SSE, TX US","30.13007","-95.69471","57.9","2025-06",,"14","13",,,,,,,"1.23",,"8.21",,,,
"US1TXMNG123","MAGNOLIA 6.5 SSE, TX US","30.13007","-95.69471","57.9","2025-07",,"9","5",,,,,,,"1.01",,"2.15",,,,
"US1TXMNG123","MAGNOLIA 6.5 SSE, TX US","30.13007","-95.69471","57.9","2025-08",,"10","7",,,,,,,"1.29",,"3.27",,,,
"US1TXMNG123","MAGNOLIA 6.5 SSE, TX US","30.13007","-95.69471","57.9","2025-09",,"8","4",,,,,,,"2.07",,"4.70",,,,
"US1TXMNG123","MAGNOLIA 6.5 SSE, TX US","30.13007","-95.69471","57.9","2025-10",,"4","3",,,,,,,"0.89",,"1.48",,,,
"US1TXMNG123","MAGNOLIA 6.5 SSE, TX US","30.13007","-95.69471","57.9","2025-11",,"5","3",,,,,,,"2.69",,"4.57",,,,
"US1TXMNG123","MAGNOLIA 6.5 SSE, TX US","30.13007","-95.69471","57.9","2025-12",,"7","3",,,,,,,"0.46",,"0.74",,,,
"US1TXMNG123","MAGNOLIA 6.5 SSE, TX US","30.13007","-95.69471","57.9","2026-01",,"3","2",,,,,,,"0.17",,"0.35",,,,
"USC00410586","BAYTOWN, TX US","29.9142","-94.9908","7.9","2025-01",,"13","10","0","12","0","0","17","0.0","2.83","78","7.39","0.0","47.5","56.7","38.3"
"USC00410586","BAYTOWN, TX US","29.9142","-94.9908","7.9","2025-02",,"7","4","0","3","0","0","28","0.0","1.94","83","3.52","0.0","57.8","67.3","48.2"
"USC00410586","BAYTOWN, TX US","29.9142","-94.9908","7.9","2025-03",,"8","7","0","0","0","0","43","0.0","1.40","88","3.00","0.0","66.6","77.8","55.3"
"USC00410586","BAYTOWN, TX US","29.9142","-94.9908","7.9","2025-05",,"10","9","0","0","0","0","57","0.0","3.00","89","6.56","0.0","76.8","84.1","69.5"
"USC00410586","BAYTOWN, TX US","29.9142","-94.9908","7.9","2025-06",,"14","10","0","0","0","19","69","0.0","1.95","92","7.26","0.0","82.0","89.3","74.7"
"USC00410586","BAYTOWN, TX US","29.9142","-94.9908","7.9","2025-07",,"9","7","0","0","0","30","71","0.0","1.00","97","2.64","0.0","84.2","92.9","75.5"
"USC00410586","BAYTOWN, TX US","29.9142","-94.9908","7.9","2025-08",,"7","4","0","0","0","26","70","0.0","2.32","96","5.00","0.0","83.7","92.4","75.0"
"USC00410586","BAYTOWN, TX US","29.9142","-94.9908","7.9","2025-09",,"6","5","0","0","0","20","63","0.0","0.91","95","1.72","0.0","80.6","90.6","70.7"
"USC00410586","BAYTOWN, TX US","29.9142","-94.9908","7.9","2025-10",,"6","3","0","0","0","15","44","0.0","0.95","94","2.37","0.0","75.6","87.3","63.9"
"US1TXHRR031","FRIENDSWOOD 2.5 NNE, TX US","29.545275","-95.182089","9.4","2025-01",,,,,,,,,,,,"6.17",,,,
"US1TXHRR031","FRIENDSWOOD 2.5 NNE, TX US","29.545275","-95.182089","9.4","2025-02",,,,,,,,,,,,"3.88",,,,
"US1TXHRR031","FRIENDSWOOD 2.5 NNE, TX US","29.545275","-95.182089","9.4","2025-03",,"7","3",,,,,,,"1.08",,"2.00",,,,
"US1TXHRR031","FRIENDSWOOD 2.5 NNE, TX US","29.545275","-95.182089","9.4","2025-04",,,,,,,,,,,,"4.31",,,,
"US1TXHRR031","FRIENDSWOOD 2.5 NNE, TX US","29.545275","-95.182089","9.4","2025-05",,,,,,,,,,,,"6.04",,,,
"US1TXHRR031","FRIENDSWOOD 2.5 NNE, TX US","29.545275","-95.182089","9.4","2025-07",,"12","6",,,,,,,"1.01",,"4.20",,,,
"US1TXHRR031","FRIENDSWOOD 2.5 NNE, TX US","29.545275","-95.182089","9.4","2025-08",,"9","7",,,,,,,"0.87",,"3.50",,,,
"US1TXHRR031","FRIENDSWOOD 2.5 NNE, TX US","29.545275","-95.182089","9.4","2025-10",,"4","2",,,,,,,"0.56",,"2.33",,,,
"US1TXHRR031","FRIENDSWOOD 2.5 NNE, TX US","29.545275","-95.182089","9.4","2025-11",,,,,,,,,,,,"0.02",,,,
"US1TXHRR195","HUMBLE 6.9 ENE, TX US","30.020278","-95.153889","15.8","2025-07",,,,,,,,,,,,"5.48",,,,
"US1TXGV0093","LEAGUE CITY 1.4 W, TX US","29.488564","-95.130151","7.6","2025-10",,,,,,,,,,,,"2.80",,,,
"US1TXGV0093","LEAGUE CITY 1.4 W, TX US","29.488564","-95.130151","7.6","2025-11",,"5","1",,,,,,"0.0","2.35",,"2.44","0.0",,,
"USC00414704","KATY CITY, TX US","29.8024","-95.8196","46.6","2025-08",,"4","2",,,,,,"0.0","0.75",,"1.57","0.0",,,
"USC00414704","KATY CITY, TX US","29.8024","-95.8196","46.6","2025-12",,"3","2",,,,,,"0.0","0.45",,"0.87","0.0",,,
"US1TXGV0098","FRIENDSWOOD 0.2 NNW, TX US","29.515464","-95.199505","7.9","2025-01",,"17","10",,,,,,,"2.25",,"6.03",,,,
"USW00012918","HOUSTON WILLIAM P HOBBY AIRPORT, TX US","29.64586","-95.28212","13.2","2025-01","10.3","11","8","0","8","0","0","18","3.0","1.92","80","4.72","3.0","50.3","58.6","42.0"
"USW00012918","HOUSTON WILLIAM P HOBBY AIRPORT, TX US","29.64586","-95.28212","13.2","2025-02","10.5","8","3","0","2","0","0","28","0.0","2.20","84","3.59","0.0","60.5","68.9","52.0"
"USW00012918","HOUSTON WILLIAM P HOBBY AIRPORT, TX US","29.64586","-95.28212","13.2","2025-03","10.5","7","4","0","0","0","0","45","0.0","0.69","89","1.50","0.0","69.1","79.3","58.9"
"USW00012918","HOUSTON WILLIAM P HOBBY AIRPORT, TX US","29.64586","-95.28212","13.2","2025-04","11.4","4","3","0","0","0","0","47","0.0","3.26","87","4.78","0.0","74.1","82.1","66.1"
"USW00012918","HOUSTON WILLIAM P HOBBY AIRPORT, TX US","29.64586","-95.28212","13.2","2025-05","10.5","11","8","0","0","0","12","61","0.0","1.48","94","3.99","0.0","79.6","87.2","72.0"
"USW00012918","HOUSTON WILLIAM P HOBBY AIRPORT, TX US","29.64586","-95.28212","13.2","2025-06","8.5","14","12","0","0","0","25","70","0.0","1.85","94","7.91","0.0","83.6","90.8","76.3"
"USW00012918","HOUSTON WILLIAM P HOBBY AIRPORT, TX US","29.64586","-95.28212","13.2","2025-07","7.6","8","5","0","0","0","31","74","0.0","3.48","97","5.61","0.0","85.5","93.4","77.6"
"USW00012918","HOUSTON WILLIAM P HOBBY AIRPORT, TX US","29.64586","-95.28212","13.2","2025-08",,"13","5","0","0","0","27","74","0.0","1.32","98","3.36","0.0","85.9","93.6","78.1"
"USW00012918","HOUSTON WILLIAM P HOBBY AIRPORT, TX US","29.64586","-95.28212","13.2","2025-09","6.3","7","4","0","0","0","23","66","0.0","0.92","96","1.67","0.0","82.6","91.3","73.8"
"USW00012918","HOUSTON WILLIAM P HOBBY AIRPORT, TX US","29.64586","-95.28212","13.2","2025-10","7.6","5","3","0","0","0","16","49","0.0","0.86","94","2.18","0.0","77.7","88.0","67.4"
"USW00012918","HOUSTON WILLIAM P HOBBY AIRPORT, TX US","29.64586","-95.28212","13.2","2025-11","8.7","3","1","0","0","0","2","42","0.0","1.89","90","1.91","0.0","69.9","80.6","59.3"
"USW00012918","HOUSTON WILLIAM P HOBBY AIRPORT, TX US","29.64586","-95.28212","13.2","2025-12","8.7","6","2","0","0","0","0","34","0.0","1.24","83","1.64","0.0","60.6","69.8","51.5"
"USW00012918","HOUSTON WILLIAM P HOBBY AIRPORT, TX US","29.64586","-95.28212","13.2","2026-01",,"5","3","0","3","0","0","24","0.0","0.99","84","1.54","0.0","55.9","65.7","46.1"
"US1TXFB0012","SUGAR LAND 1.0 W, TX US","29.616623","-95.633224","21.9","2025-01",,"14","8",,,,,,,"1.96",,"5.18",,,,
"US1TXFB0012","SUGAR LAND 1.0 W, TX US","29.616623","-95.633224","21.9","2025-02",,"7","4",,,,,,,"1.91",,"3.67",,,,
"US1TXFB0012","SUGAR LAND 1.0 W, TX US","29.616623","-95.633224","21.9","2025-03",,"7","4",,,,,,,"0.75",,"2.15",,,,
"US1TXFB0012","SUGAR LAND 1.0 W, TX US","29.616623","-95.633224","21.9","2025-04",,"4","2",,,,,,,"1.51",,"2.17",,,,
"US1TXFB0012","SUGAR LAND 1.0 W, TX US","29.616623","-95.633224","21.9","2025-05",,"3","3",,,,,,,"2.37",,"5.69",,,,
"US1TXFB0012","SUGAR LAND 1.0 W, TX US","29.616623","-95.633224","21.9","2025-06",,,,,,,,,,,,"5.91",,,,
"US1TXFB0012","SUGAR LAND 1.0 W, TX US","29.616623","-95.633224","21.9","2025-07",,"10","8",,,,,,,"1.31",,"3.60",,,,
"US1TXFB0012","SUGAR LAND 1.0 W, TX US","29.616623","-95.633224","21.9","2025-08",,"19","15",,,,,,,"2.90",,"9.52",,,,
"US1TXFB0012","SUGAR LAND 1.0 W, TX US","29.616623","-95.633224","21.9","2025-09",,"7","5",,,,,,,"0.78",,"2.06",,,,
"US1TXFB0012","SUGAR LAND 1.0 W, TX US","29.616623","-95.633224","21.9","2025-10",,"3","3",,,,,,"0.0","1.30",,"2.61","0.0",,,
"US1TXFB0012","SUGAR LAND 1.0 W, TX US","29.616623","-95.633224","21.9","2025-11",,"3","1",,,,,,"0.0","1.03",,"1.47","0.0",,,
"US1TXFB0012","SUGAR LAND 1.0 W, TX US","29.616623","-95.633224","21.9","2025-12",,"6","2",,,,,,,"0.84",,"1.74",,,,
"US1TXFB0012","SUGAR LAND 1.0 W, TX US","29.616623","-95.633224","21.9","2026-01",,"7","3",,,,,,,"0.78",,"1.74",,,,
"US1TXHRR336","TOMBALL 2.4 SE, TX US","30.07291","-95.586421","50.3","2025-01",,"10","5",,,,,,,"2.00",,"3.47",,,,
"US1TXHRR336","TOMBALL 2.4 SE, TX US","30.07291","-95.586421","50.3","2025-02",,"9","4",,,,,,,"1.17",,"2.80",,,,
"US1TXHRR336","TOMBALL 2.4 SE, TX US","30.07291","-95.586421","50.3","2025-03",,"10","4",,,,,,,"1.20",,"3.00",,,,
"US1TXHRR336","TOMBALL 2.4 SE, TX US","30.07291","-95.586421","50.3","2025-04",,"5","5",,,,,,,"1.55",,"5.31",,,,
"US1TXHRR336","TOMBALL 2.4 SE, TX US","30.07291","-95.586421","50.3","2025-05",,"9","7",,,,,,,"2.00",,"5.46",,,,
"US1TXHRR336","TOMBALL 2.4 SE, TX US","30.07291","-95.586421","50.3","2025-06",,,,,,,,,,,,"10.50",,,,
"US1TXHRR336","TOMBALL 2.4 SE, TX US","30.07291","-95.586421","50.3","2025-07",,"10","7",,,,,,,"1.76",,"5.60",,,,
"US1TXHRR336","TOMBALL 2.4 SE, TX US","30.07291","-95.586421","50.3","2025-08",,"9","5",,,,,,,"0.70",,"2.78",,,,
"US1TXHRR336","TOMBALL 2.4 SE, TX US","30.07291","-95.586421","50.3","2025-09",,"5","3",,,,,,,"1.65",,"2.99",,,,
"US1TXHRR336","TOMBALL 2.4 SE, TX US","30.07291","-95.586421","50.3","2025-10",,"3","2",,,,,,,"0.83",,"1.41",,,,
"US1TXHRR336","TOMBALL 2.4 SE, TX US","30.07291","-95.586421","50.3","2025-11",,"5","3",,,,,,,"1.73",,"4.01",,,,
"US1TXHRR336","TOMBALL 2.4 SE, TX US","30.07291","-95.586421","50.3","2025-12",,"5","2",,,,,,"0.0","0.85",,"1.40","0.0",,,
"US1TXHRR336","TOMBALL 2.4 SE, TX US","30.07291","-95.586421","50.3","2026-01",,"5","5",,,,,,"0.0","1.25",,"3.24","0.0",,,
"US1TXHRR257","FRIENDSWOOD 2.6 NE, TX US","29.53979","-95.168481","9.1","2025-01",,"14","8",,,,,,,"2.15",,"5.59",,,,
"US1TXHRR257","FRIENDSWOOD 2.6 NE, TX US","29.53979","-95.168481","9.1","2025-02",,"6","3",,,,,,,"1.69",,"3.68",,,,
"US1TXHRR257","FRIENDSWOOD 2.6 NE, TX US","29.53979","-95.168481","9.1","2025-03",,"8","5",,,,,,,"0.95",,"1.93",,,,
"US1TXHRR257","FRIENDSWOOD 2.6 NE, TX US","29.53979","-95.168481","9.1","2025-04",,"6","5",,,,,,,"2.12",,"3.94",,,,
"US1TXHRR257","FRIENDSWOOD 2.6 NE, TX US","29.53979","-95.168481","9.1","2025-05",,"10","7",,,,,,,"2.68",,"6.81",,,,
"US1TXHRR257","FRIENDSWOOD 2.6 NE, TX US","29.53979","-95.168481","9.1","2025-06",,"17","9",,,,,,"0.0","3.04",,"10.83","0.0",,,
"US1TXHRR257","FRIENDSWOOD 2.6 NE, TX US","29.53979","-95.168481","9.1","2025-07",,"9","5",,,,,,"0.0","0.76",,"2.96","0.0",,,
"US1TXHRR257","FRIENDSWOOD 2.6 NE, TX US","29.53979","-95.168481","9.1","2025-08",,"12","8",,,,,,"0.0","3.75",,"6.93","0.0",,,
"US1TXHRR257","FRIENDSWOOD 2.6 NE, TX US","29.53979","-95.168481","9.1","2025-09",,"7","5",,,,,,"0.0","1.85",,"2.81","0.0",,,
"US1TXHRR257","FRIENDSWOOD 2.6 NE, TX US","29.53979","-95.168481","9.1","2025-10",,"5","5",,,,,,"0.0","0.65",,"2.30","0.0",,,
"US1TXHRR257","FRIENDSWOOD 2.6 NE, TX US","29.53979","-95.168481","9.1","2025-11",,"2","1",,,,,,"0.0","2.44",,"2.47","0.0",,,
"US1TXHRR257","FRIENDSWOOD 2.6 NE, TX US","29.53979","-95.168481","9.1","2025-12",,"8","3",,,,,,"0.0","0.53",,"1.00","0.0",,,
"US1TXHRR257","FRIENDSWOOD 2.6 NE, TX US","29.53979","-95.168481","9.1","2026-01",,"6","3",,,,,,"0.0","0.95",,"2.37","0.0",,,
"US1TXBRZ018","ALVIN 1.6 SW, TX US","29.417609","-95.267347","13.1","2025-01",,"16","10",,,,,,,"2.40",,"6.21",,,,
"US1TXBRZ018","ALVIN 1.6 SW, TX US","29.417609","-95.267347","13.1","2025-02",,"7","3",,,,,,,"1.58",,"2.41",,,,
"US1TXBRZ018","ALVIN 1.6 SW, TX US","29.417609","-95.267347","13.1","2025-03",,"9","4",,,,,,,"0.59",,"1.73",,,,
"US1TXBRZ018","ALVIN 1.6 SW, TX US","29.417609","-95.267347","13.1","2025-04",,"5","2",,,,,,,"2.04",,"4.09",,,,
"US1TXBRZ018","ALVIN 1.6 SW, TX US","29.417609","-95.267347","13.1","2025-05",,"10","7",,,,,,,"2.59",,"6.62",,,,
"US1TXBRZ018","ALVIN 1.6 SW, TX US","29.417609","-95.267347","13.1","2025-06",,"12","6",,,,,,,"3.40",,"6.02",,,,
"US1TXBRZ018","ALVIN 1.6 SW, TX US","29.417609","-95.267347","13.1","2025-07",,"8","5",,,,,,,"0.98",,"2.59",,,,
"US1TXBRZ018","ALVIN 1.6 SW, TX US","29.417609","-95.267347","13.1","2025-08",,"12","8",,,,,,,"1.95",,"5.44",,,,
"US1TXBRZ018","ALVIN 1.6 SW, TX US","29.417609","-95.267347","13.1","2025-09",,"7","4",,,,,,,"1.78",,"2.94",,,,
"US1TXBRZ018","ALVIN 1.6 SW, TX US","29.417609","-95.267347","13.1","2025-10",,"5","3",,,,,,,"1.25",,"2.33",,,,
"US1TXBRZ018","ALVIN 1.6 SW, TX US","29.417609","-95.267347","13.1","2025-11",,"3","1",,,,,,"0.0","2.27",,"2.34","0.0",,,
"US1TXBRZ018","ALVIN 1.6 SW, TX US","29.417609","-95.267347","13.1","2025-12",,"10","2",,,,,,,"0.39",,"0.83",,,,
"US1TXBRZ018","ALVIN 1.6 SW, TX US","29.417609","-95.267347","13.1","2026-01",,"7","4",,,,,,,"1.25",,"2.89",,,,
"USW00012975","HOUSTON CLOVER FIELD, TX US","29.51924","-95.2423","11.9","2025-01","7.6","10","6","0","7","0","0","15","3.0","1.49","79","3.94","3.0","50.2","58.7","41.7"
"USW00012975","HOUSTON CLOVER FIELD, TX US","29.51924","-95.2423","11.9","2025-02","8.3","5","3","0","2","0","0","29","0.0","1.13","83","2.28","0.0","60.8","69.3","52.4"
"USW00012975","HOUSTON CLOVER FIELD, TX US","29.51924","-95.2423","11.9","2025-03","7.8","5","2","0","0","0","0","42","0.0","0.59","89","0.93","0.0","68.3","78.7","57.8"
"USW00012975","HOUSTON CLOVER FIELD, TX US","29.51924","-95.2423","11.9","2025-04","8.7","5","3","0","0","0","0","44","0.0","1.79","86","3.63","0.0","72.7","80.7","64.8"
"USW00012975","HOUSTON CLOVER FIELD, TX US","29.51924","-95.2423","11.9","2025-05","7.8","10","7","0","0","0","10","57","0.0","0.94","92","3.29","0.0","78.7","86.2","71.2"
"USW00012975","HOUSTON CLOVER FIELD, TX US","29.51924","-95.2423","11.9","2025-06","5.8","10","6","0","0","0","24","69","0.0","1.24","93","2.51","0.0","83.1","90.4","75.7"
"USW00012975","HOUSTON CLOVER FIELD, TX US","29.51924","-95.2423","11.9","2025-07","4.3","7","4","0","0","0","29","72","0.0","1.07","96","3.13","0.0","84.6","92.5","76.6"
"USW00012975","HOUSTON CLOVER FIELD, TX US","29.51924","-95.2423","11.9","2025-08",,"11","8","0","0","0","25","73","0.0","1.27","97","4.40","0.0","85.0","93.1","76.9"
"USW00012975","HOUSTON CLOVER FIELD, TX US","29.51924","-95.2423","11.9","2025-09","4.0","6","3","0","0","0","22","66","0.0","0.32","95","0.86","0.0","81.5","90.5","72.5"
"USW00012975","HOUSTON CLOVER FIELD, TX US","29.51924","-95.2423","11.9","2025-10","5.1","7","3","0","0","0","9","47","0.0","0.85","92","1.60","0.0","76.0","86.0","66.1"
"USW00012975","HOUSTON CLOVER FIELD, TX US","29.51924","-95.2423","11.9","2025-11","6.0","2","1","0","0","0","0","37","0.0","1.80","87","1.81","0.0","67.7","78.0","57.5"
"USW00012975","HOUSTON CLOVER FIELD, TX US","29.51924","-95.2423","11.9","2025-12","6.5","3","1","0","1","0","0","30","0.0","0.28","83","0.34","0.0","59.9","69.5","50.2"
"USW00012975","HOUSTON CLOVER FIELD, TX US","29.51924","-95.2423","11.9","2026-01",,"4","3","0","6","0","0","23","0.0","0.60","83","1.46","0.0","55.3","65.5","45.2"
"USW00053910","HOUSTON HOOKS MEMORIAL AIRPORT, TX US","30.06801","-95.55628","46.8","2025-01","6.5","13","4","0","10","0","0","18","1.5","2.03","77","3.64","1.5","48.4","58.3","38.5"
"USW00053910","HOUSTON HOOKS MEMORIAL AIRPORT, TX US","30.06801","-95.55628","46.8","2025-02","6.9","7","5","0","2","0","0","25","0.0","1.24","87","3.04","0.0","59.0","69.5","48.5"
"USW00053910","HOUSTON HOOKS MEMORIAL AIRPORT, TX US","30.06801","-95.55628","46.8","2025-03",,"7","5","0","0","0","0","38","0.0","1.20","89","3.24","0.0","67.7","79.7","55.7"
"USW00053910","HOUSTON HOOKS MEMORIAL AIRPORT, TX US","30.06801","-95.55628","46.8","2025-04","7.2","6","2","0","0","0","0","42","0.0","1.32","89","2.10","0.0","73.5","83.7","63.4"
"USW00053910","HOUSTON HOOKS MEMORIAL AIRPORT, TX US","30.06801","-95.55628","46.8","2025-05","6.5","11","9","0","0","0","14","53","0.0","2.04","95","5.35","0.0","78.8","88.3","69.3"
"USW00053910","HOUSTON HOOKS MEMORIAL AIRPORT, TX US","30.06801","-95.55628","46.8","2025-06","4.9","13","9","0","0","0","22","69","0.0","2.26","95","6.39","0.0","83.1","91.5","74.6"
"USW00053910","HOUSTON HOOKS MEMORIAL AIRPORT, TX US","30.06801","-95.55628","46.8","2025-07","3.8","11","4","0","0","0","27","70","0.0","2.46","96","4.67","0.0","83.2","92.7","73.7"
"USW00053910","HOUSTON HOOKS MEMORIAL AIRPORT, TX US","30.06801","-95.55628","46.8","2025-08",,"10","7","0","0","0","27","69","0.0","0.61","97","2.85","0.0","83.2","93.0","73.4"
"USW00053910","HOUSTON HOOKS MEMORIAL AIRPORT, TX US","30.06801","-95.55628","46.8","2025-09","3.4","4","2","0","0","0","24","58","0.0","1.08","95","1.36","0.0","79.1","90.9","67.1"
"USW00053910","HOUSTON HOOKS MEMORIAL AIRPORT, TX US","30.06801","-95.55628","46.8","2025-10","4.7","4","3","0","0","0","18","41","0.0","1.78","94","2.01","0.0","74.2","87.9","60.6"
"USW00053910","HOUSTON HOOKS MEMORIAL AIRPORT, TX US","30.06801","-95.55628","46.8","2025-11","5.1","6","5","0","0","0","0","33","0.0","0.94","89","3.74","0.0","66.1","78.6","53.7"
"USW00053910","HOUSTON HOOKS MEMORIAL AIRPORT, TX US","30.06801","-95.55628","46.8","2025-12","5.6","2","2","0","3","0","0","29","0.0","0.52","84","0.96","0.0","58.2","69.4","47.0"
"USW00053910","HOUSTON HOOKS MEMORIAL AIRPORT, TX US","30.06801","-95.55628","46.8","2026-01",,"6","4","0","8","0","0","19","0.0","1.02","84","2.44","0.0","53.5","65.1","41.9"
"US1TXGV0069","LEAGUE CITY 0.9 WNW, TX US","29.490395","-95.120691","6.7","2025-01",,"11","5",,,,,,,"2.15",,"4.41",,,,
"US1TXGV0069","LEAGUE CITY 0.9 WNW, TX US","29.490395","-95.120691","6.7","2025-02",,"9","5",,,,,,,"0.83",,"2.37",,,,
"US1TXGV0069","LEAGUE CITY 0.9 WNW, TX US","29.490395","-95.120691","6.7","2025-03",,"7","4",,,,,,,"0.91",,"2.35",,,,
"US1TXGV0069","LEAGUE CITY 0.9 WNW, TX US","29.490395","-95.120691","6.7","2025-04",,"5","4",,,,,,,"1.07",,"2.63",,,,
"US1TXGV0069","LEAGUE CITY 0.9 WNW, TX US","29.490395","-95.120691","6.7","2025-05",,"9","6",,,,,,,"1.71",,"5.87",,,,
"US1TXGV0069","LEAGUE CITY 0.9 WNW, TX US","29.490395","-95.120691","6.7","2025-06",,"13","9",,,,,,,"3.36",,"6.44",,,,
"US1TXGV0069","LEAGUE CITY 0.9 WNW, TX US","29.490395","-95.120691","6.7","2025-07",,"10","7",,,,,,,"0.85",,"2.67",,,,
"US1TXGV0069","LEAGUE CITY 0.9 WNW, TX US","29.490395","-95.120691","6.7","2025-08",,"11","8",,,,,,,"2.55",,"6.52",,,,
"US1TXGV0069","LEAGUE CITY 0.9 WNW, TX US","29.490395","-95.120691","6.7","2025-09",,"8","6",,,,,,,"2.03",,"4.54",,,,
"US1TXGV0069","LEAGUE CITY 0.9 WNW, TX US","29.490395","-95.120691","6.7","2025-10",,"4","4",,,,,,,"1.37",,"2.92",,,,
"US1TXGV0069","LEAGUE CITY 0.9 WNW, TX US","29.490395","-95.120691","6.7","2025-11",,"3","1",,,,,,,"2.44",,"2.48",,,,
"US1TXGV0069","LEAGUE CITY 0.9 WNW, TX US","29.490395","-95.120691","6.7","2025-12",,"9","3",,,,,,,"0.37",,"0.95",,,,
"US1TXGV0069","LEAGUE CITY 0.9 WNW, TX US","29.490395","-95.120691","6.7","2026-01",,"5","4",,,,,,,"1.40",,"3.33",,,,
"US1TXGV0101","DICKINSON 1.7 NE, TX US","29.47337","-95.048561","9.1","2025-01",,"13","7",,,,,,,"1.55",,"3.57",,,,
"US1TXGV0101","DICKINSON 1.7 NE, TX US","29.47337","-95.048561","9.1","2025-02",,"8","3",,,,,,"0.0","1.32",,"2.13","0.0",,,
"US1TXGV0101","DICKINSON 1.7 NE, TX US","29.47337","-95.048561","9.1","2025-03",,"9","6",,,,,,,"1.10",,"2.28",,,,
"US1TXGV0101","DICKINSON 1.7 NE, TX US","29.47337","-95.048561","9.1","2025-04",,"5","4",,,,,,"0.0","1.22",,"3.54","0.0",,,
"US1TXGV0101","DICKINSON 1.7 NE, TX US","29.47337","-95.048561","9.1","2025-05",,"12","6",,,,,,,"2.22",,"5.22",,,,
"US1TXGV0101","DICKINSON 1.7 NE, TX US","29.47337","-95.048561","9.1","2025-06",,"16","10",,,,,,,"2.50",,"7.17",,,,
"US1TXGV0101","DICKINSON 1.7 NE, TX US","29.47337","-95.048561","9.1","2025-07",,"11","7",,,,,,,"0.88",,"2.64",,,,
"US1TXGV0101","DICKINSON 1.7 NE, TX US","29.47337","-95.048561","9.1","2025-08",,"10","7",,,,,,,"1.70",,"5.96",,,,
"US1TXGV0101","DICKINSON 1.7 NE, TX US","29.47337","-95.048561","9.1","2025-09",,"8","7",,,,,,,"2.03",,"3.97",,,,
"US1TXGV0101","DICKINSON 1.7 NE, TX US","29.47337","-95.048561","9.1","2025-10",,"5","3",,,,,,"0.0","0.50",,"1.53","0.0",,,
"US1TXGV0101","DICKINSON 1.7 NE, TX US","29.47337","-95.048561","9.1","2025-12",,"8","4",,,,,,,"0.46",,"1.34",,,,
"US1TXGV0101","DICKINSON 1.7 NE, TX US","29.47337","-95.048561","9.1","2026-01",,"6","4",,,,,,,"1.22",,"2.66",,,,
"US1TXGV0104","DICKINSON 0.2 WSW, TX US","29.45285","-95.06988","1.5","2025-09",,"7","4",,,,,,,"1.16",,"2.08",,,,
"US1TXGV0104","DICKINSON 0.2 WSW, TX US","29.45285","-95.06988","1.5","2025-10",,"5","3",,,,,,,"0.57",,"1.33",,,,
"US1TXGV0104","DICKINSON 0.2 WSW, TX US","29.45285","-95.06988","1.5","2025-11",,"5","1",,,,,,,"2.12",,"2.17",,,,
"US1TXGV0104","DICKINSON 0.2 WSW, TX US","29.45285","-95.06988","1.5","2025-12",,"10","4",,,,,,,"0.46",,"1.43",,,,
"US1TXGV0104","DICKINSON 0.2 WSW, TX US","29.45285","-95.06988","1.5","2026-01",,,,,,,,,,,,"3.06",,,,
"US1TXFB0027","SUGAR LAND 2.6 SSW, TX US","29.5828327","-95.6294279","21.3","2025-03",,,,,,,,,,,,"0.99",,,,
"US1TXMNG035","PINEHURST 3.8 SE, TX US","30.1529655456543","-95.6572113037109","63.1","2025-01",,"15","5",,,,,,,"2.36",,"3.64",,,,
"US1TXMNG035","PINEHURST 3.8 SE, TX US","30.1529655456543","-95.6572113037109","63.1","2025-02",,"7","3",,,,,,,"1.58",,"3.09",,,,
"US1TXMNG035","PINEHURST 3.8 SE, TX US","30.1529655456543","-95.6572113037109","63.1","2025-03",,"10","4",,,,,,,"1.57",,"3.12",,,,
"US1TXMNG035","PINEHURST 3.8 SE, TX US","30.1529655456543","-95.6572113037109","63.1","2025-04",,"9","3",,,,,,,"3.05",,"5.31",,,,
"US1TXMNG035","PINEHURST 3.8 SE, TX US","30.1529655456543","-95.6572113037109","63.1","2025-05",,"13","7",,,,,,,"2.47",,"7.19",,,,
"US1TXMNG035","PINEHURST 3.8 SE, TX US","30.1529655456543","-95.6572113037109","63.1","2025-07",,"12","6",,,,,,,"0.96",,"2.76",,,,
"US1TXMNG035","PINEHURST 3.8 SE, TX US","30.1529655456543","-95.6572113037109","63.1","2025-08",,"10","6",,,,,,,"1.90",,"3.52",,,,
"US1TXMNG035","PINEHURST 3.8 SE, TX US","30.1529655456543","-95.6572113037109","63.1","2025-10",,"4","3",,,,,,"0.0","1.15",,"1.71","0.0",,,
"US1TXMNG035","PINEHURST 3.8 SE, TX US","30.1529655456543","-95.6572113037109","63.1","2025-12",,"9","2",,,,,,,"0.54",,"0.88",,,,
"US1TXMNG035","PINEHURST 3.8 SE, TX US","30.1529655456543","-95.6572113037109","63.1","2026-01",,"5","5",,,,,,,"0.99",,"1.97",,,,
"US1TXMNG079","SPRING 4.2 N, TX US","30.122209","-95.386898","39.9","2025-01",,"11","7",,,,,,,"1.62",,"3.42",,,,
"US1TXMNG079","SPRING 4.2 N, TX US","30.122209","-95.386898","39.9","2025-02",,"8","4",,,,,,,"2.34",,"4.15",,,,
"US1TXMNG079","SPRING 4.2 N, TX US","30.122209","-95.386898","39.9","2025-03",,"7","6",,,,,,,"0.63",,"2.57",,,,
"US1TXMNG079","SPRING 4.2 N, TX US","30.122209","-95.386898","39.9","2025-04",,"5","3",,,,,,,"0.64",,"1.35",,,,
"US1TXMNG079","SPRING 4.2 N, TX US","30.122209","-95.386898","39.9","2025-05",,"9","7",,,,,,,"1.99",,"4.16",,,,
"US1TXMNG079","SPRING 4.2 N, TX US","30.122209","-95.386898","39.9","2025-06",,"13","9",,,,,,,"4.62",,"9.45",,,,
"US1TXMNG079","SPRING 4.2 N, TX US","30.122209","-95.386898","39.9","2025-07",,"8","4",,,,,,,"1.29",,"2.28",,,,
"US1TXMNG079","SPRING 4.2 N, TX US","30.122209","-95.386898","39.9","2025-08",,"6","4",,,,,,,"0.58",,"1.31",,,,
"US1TXMNG079","SPRING 4.2 N, TX US","30.122209","-95.386898","39.9","2025-09",,"6","4",,,,,,,"0.52",,"1.40",,,,
"US1TXMNG079","SPRING 4.2 N, TX US","30.122209","-95.386898","39.9","2025-10",,"3","3",,,,,,"0.0","1.11",,"2.26","0.0",,,
"US1TXMNG079","SPRING 4.2 N, TX US","30.122209","-95.386898","39.9","2025-11",,"4","3",,,,,,"0.0","3.03",,"4.09","0.0",,,
"US1TXMNG079","SPRING 4.2 N, TX US","30.122209","-95.386898","39.9","2025-12",,"5","4",,,,,,,"0.96",,"1.56",,,,
"US1TXMNG079","SPRING 4.2 N, TX US","30.122209","-95.386898","39.9","2026-01",,"7","5",,,,,,,"1.15",,"3.54",,,,
"US1TXGV0103","LEAGUE CITY 2.4 ENE, TX US","29.49897","-95.0713","4.6","2025-02",,"9","3",,,,,,,"1.40",,"2.62",,,,
"US1TXGV0103","LEAGUE CITY 2.4 ENE, TX US","29.49897","-95.0713","4.6","2025-03",,"11","5",,,,,,,"0.74",,"2.14",,,,
"US1TXGV0103","LEAGUE CITY 2.4 ENE, TX US","29.49897","-95.0713","4.6","2025-04",,"8","4",,,,,,,"1.27",,"3.16",,,,
"US1TXGV0103","LEAGUE CITY 2.4 ENE, TX US","29.49897","-95.0713","4.6","2025-05",,"14","7",,,,,,,"1.89",,"5.59",,,,
"US1TXGV0103","LEAGUE CITY 2.4 ENE, TX US","29.49897","-95.0713","4.6","2025-06",,"19","11",,,,,,,"2.47",,"8.37",,,,
"US1TXGV0103","LEAGUE CITY 2.4 ENE, TX US","29.49897","-95.0713","4.6","2025-07",,,,,,,,,,,,"2.79",,,,
"US1TXGV0103","LEAGUE CITY 2.4 ENE, TX US","29.49897","-95.0713","4.6","2025-08",,"14","9",,,,,,,"1.87",,"6.13",,,,
"US1TXGV0103","LEAGUE CITY 2.4 ENE, TX US","29.49897","-95.0713","4.6","2025-09",,"8","7",,,,,,,"2.26",,"5.47",,,,
"US1TXGV0103","LEAGUE CITY 2.4 ENE, TX US","29.49897","-95.0713","4.6","2025-10",,"5","3",,,,,,,"0.46",,"0.91",,,,
"US1TXGV0103","LEAGUE CITY 2.4 ENE, TX US","29.49897","-95.0713","4.6","2025-11",,"5","1",,,,,,"0.0","2.15",,"2.22","0.0",,,
"US1TXGV0103","LEAGUE CITY 2.4 ENE, TX US","29.49897","-95.0713","4.6","2025-12",,"12","4",,,,,,,"0.44",,"1.20",,,,
"US1TXGV0103","LEAGUE CITY 2.4 ENE, TX US","29.49897","-95.0713","4.6","2026-01",,"5","4",,,,,,,"1.51",,"3.09",,,,
"US1TXGV0105","FRIENDSWOOD 0.6 NW, TX US","29.517932","-95.204818","8.2","2025-01",,"10","6",,,,,,,"2.32",,"5.70",,,,
"US1TXGV0105","FRIENDSWOOD 0.6 NW, TX US","29.517932","-95.204818","8.2","2025-02",,"6","3",,,,,,,"1.55",,"2.02",,,,
"US1TXGV0105","FRIENDSWOOD 0.6 NW, TX US","29.517932","-95.204818","8.2","2025-03",,"7","2",,,,,,,"0.83",,"1.45",,,,
"US1TXGV0105","FRIENDSWOOD 0.6 NW, TX US","29.517932","-95.204818","8.2","2025-06",,"7","5",,,,,,,"3.04",,"5.35",,,,
"US1TXGV0105","FRIENDSWOOD 0.6 NW, TX US","29.517932","-95.204818","8.2","2025-07",,"4","2",,,,,,,"1.73",,"4.07",,,,
"US1TXGV0105","FRIENDSWOOD 0.6 NW, TX US","29.517932","-95.204818","8.2","2025-08",,"5","4",,,,,,,"0.90",,"9.22",,,,
"US1TXGV0105","FRIENDSWOOD 0.6 NW, TX US","29.517932","-95.204818","8.2","2025-09",,"4","3",,,,,,"0.0","1.29",,"2.00","0.0",,,
"US1TXGV0105","FRIENDSWOOD 0.6 NW, TX US","29.517932","-95.204818","8.2","2025-10",,"3","2",,,,,,"0.0","0.49",,"0.93","0.0",,,
"US1TXGV0105","FRIENDSWOOD 0.6 NW, TX US","29.517932","-95.204818","8.2","2025-11",,"3","1",,,,,,"0.0","3.22",,"3.26","0.0",,,
"US1TXGV0105","FRIENDSWOOD 0.6 NW, TX US","29.517932","-95.204818","8.2","2025-12",,"3","3",,,,,,"0.0","0.52",,"0.95","0.0",,,
"US1TXGV0105","FRIENDSWOOD 0.6 NW, TX US","29.517932","-95.204818","8.2","2026-01",,"2","0",,,,,,,"0.06",,"2.02",,,,
"US1TXFB0022","RICHMOND 4.6 SE, TX US","29.52608","-95.722116","25.3","2025-01",,"13","8",,,,,,,"1.80",,"3.74",,,,
"US1TXFB0022","RICHMOND 4.6 SE, TX US","29.52608","-95.722116","25.3","2025-02",,"7","3",,,,,,,"1.69",,"3.04",,,,
"US1TXFB0022","RICHMOND 4.6 SE, TX US","29.52608","-95.722116","25.3","2025-03",,"7","4",,,,,,,"0.94",,"1.77",,,,
"US1TXFB0022","RICHMOND 4.6 SE, TX US","29.52608","-95.722116","25.3","2025-04",,"6","3",,,,,,,"1.98",,"2.48",,,,
"US1TXFB0022","RICHMOND 4.6 SE, TX US","29.52608","-95.722116","25.3","2025-05",,"9","7",,,,,,,"1.47",,"5.48",,,,
"US1TXFB0022","RICHMOND 4.6 SE, TX US","29.52608","-95.722116","25.3","2025-06",,"11","9",,,,,,,"1.55",,"8.49",,,,
"US1TXFB0022","RICHMOND 4.6 SE, TX US","29.52608","-95.722116","25.3","2025-07",,"9","6",,,,,,,"1.11",,"3.93",,,,
"US1TXFB0022","RICHMOND 4.6 SE, TX US","29.52608","-95.722116","25.3","2025-08",,"10","5",,,,,,,"1.02",,"2.22",,,,
"US1TXFB0022","RICHMOND 4.6 SE, TX US","29.52608","-95.722116","25.3","2025-09",,"6","2",,,,,,,"0.50",,"1.08",,,,
"US1TXFB0022","RICHMOND 4.6 SE, TX US","29.52608","-95.722116","25.3","2025-10",,"3","2",,,,,,"0.0","1.54",,"1.86","0.0",,,
"US1TXFB0022","RICHMOND 4.6 SE, TX US","29.52608","-95.722116","25.3","2025-11",,"5","2",,,,,,"0.0","1.64",,"2.52","0.0",,,
"US1TXFB0022","RICHMOND 4.6 SE, TX US","29.52608","-95.722116","25.3","2025-12",,"6","2",,,,,,,"1.62",,"2.21",,,,
"US1TXFB0022","RICHMOND 4.6 SE, TX US","29.52608","-95.722116","25.3","2026-01",,"7","3",,,,,,,"0.50",,"1.19",,,,
"US1TXGV0063","FRIENDSWOOD 1.0 SE, TX US","29.50011","-95.18734","7.3","2025-01",,"7","6",,,,,,,"2.02",,"3.72",,,,
"US1TXGV0063","FRIENDSWOOD 1.0 SE, TX US","29.50011","-95.18734","7.3","2025-02",,"2","2",,,,,,"0.0","1.27",,"1.45","0.0",,,
"US1TXGV0063","FRIENDSWOOD 1.0 SE, TX US","29.50011","-95.18734","7.3","2025-03",,"4","4",,,,,,"0.0","0.79",,"1.65","0.0",,,
"US1TXGV0063","FRIENDSWOOD 1.0 SE, TX US","29.50011","-95.18734","7.3","2025-04",,"4","4",,,,,,"0.0","1.69",,"3.65","0.0",,,
"US1TXGV0063","FRIENDSWOOD 1.0 SE, TX US","29.50011","-95.18734","7.3","2025-05",,"8","5",,,,,,,"3.21",,"6.01",,,,
"US1TXGV0063","FRIENDSWOOD 1.0 SE, TX US","29.50011","-95.18734","7.3","2025-07",,"8","3",,,,,,,"0.66",,"1.81",,,,
"US1TXGV0063","FRIENDSWOOD 1.0 SE, TX US","29.50011","-95.18734","7.3","2025-08",,"8","8",,,,,,,"2.50",,"7.89",,,,
"US1TXGV0063","FRIENDSWOOD 1.0 SE, TX US","29.50011","-95.18734","7.3","2025-09",,"5","3",,,,,,"0.0","1.07",,"1.89","0.0",,,
"US1TXGV0063","FRIENDSWOOD 1.0 SE, TX US","29.50011","-95.18734","7.3","2025-10",,"5","5",,,,,,"0.0","0.78",,"2.43","0.0",,,
"US1TXGV0063","FRIENDSWOOD 1.0 SE, TX US","29.50011","-95.18734","7.3","2025-11",,"3","1",,,,,,"0.0","2.64",,"2.75","0.0",,,
"US1TXGV0063","FRIENDSWOOD 1.0 SE, TX US","29.50011","-95.18734","7.3","2025-12",,"3","2",,,,,,"0.0","0.34",,"0.56","0.0",,,
"US1TXGV0063","FRIENDSWOOD 1.0 SE, TX US","29.50011","-95.18734","7.3","2026-01",,"6","3",,,,,,"0.0","1.22",,"2.58","0.0",,,
"US1TXHRR203","HEDWIG VILLAGE 1.1 NNW, TX US","29.7945919036865","-95.5261077880859","25.0","2025-01",,"8","5",,,,,,,"1.80",,"5.80",,,,
"US1TXHRR203","HEDWIG VILLAGE 1.1 NNW, TX US","29.7945919036865","-95.5261077880859","25.0","2025-02",,"5","4",,,,,,"0.0","2.92",,"5.00","0.0",,,
"US1TXHRR203","HEDWIG VILLAGE 1.1 NNW, TX US","29.7945919036865","-95.5261077880859","25.0","2025-03",,"6","5",,,,,,,"1.07",,"2.13",,,,
"US1TXHRR203","HEDWIG VILLAGE 1.1 NNW, TX US","29.7945919036865","-95.5261077880859","25.0","2025-04",,"4","2",,,,,,"0.0","0.58",,"0.98","0.0",,,
"US1TXHRR203","HEDWIG VILLAGE 1.1 NNW, TX US","29.7945919036865","-95.5261077880859","25.0","2025-05",,"5","5",,,,,,"0.0","1.76",,"3.68","0.0",,,
"US1TXHRR203","HEDWIG VILLAGE 1.1 NNW, TX US","29.7945919036865","-95.5261077880859","25.0","2025-06",,"15","7",,,,,,,"1.21",,"5.44",,,,
"US1TXHRR203","HEDWIG VILLAGE 1.1 NNW, TX US","29.7945919036865","-95.5261077880859","25.0","2025-07",,"9","6",,,,,,,"0.84",,"2.53",,,,
"US1TXHRR203","HEDWIG VILLAGE 1.1 NNW, TX US","29.7945919036865","-95.5261077880859","25.0","2025-08",,"8","8",,,,,,,"0.83",,"3.51",,,,
"US1TXHRR203","HEDWIG VILLAGE 1.1 NNW, TX US","29.7945919036865","-95.5261077880859","25.0","2025-09",,"6","4",,,,,,,"1.41",,"2.85",,,,
"US1TXHRR203","HEDWIG VILLAGE 1.1 NNW, TX US","29.7945919036865","-95.5261077880859","25.0","2025-10",,"3","2",,,,,,"0.0","2.37",,"3.62","0.0",,,
"US1TXHRR203","HEDWIG VILLAGE 1.1 NNW, TX US","29.7945919036865","-95.5261077880859","25.0","2025-11",,"5","3",,,,,,,"2.33",,"2.74",,,,
"US1TXHRR203","HEDWIG VILLAGE 1.1 NNW, TX US","29.7945919036865","-95.5261077880859","25.0","2025-12",,"5","3",,,,,,,"1.05",,"2.20",,,,
"US1TXHRR203","HEDWIG VILLAGE 1.1 NNW, TX US","29.7945919036865","-95.5261077880859","25.0","2026-01",,"6","4",,,,,,,"0.74",,"2.34",,,,
"US1TXHRR326","THE WOODLANDS 3.8 W, TX US","30.1577","-95.5529","43.0","2025-02",,"9","5",,,,,,,"0.99",,"2.35",,,,
"US1TXHRR326","THE WOODLANDS 3.8 W, TX US","30.1577","-95.5529","43.0","2025-03",,"7","6",,,,,,,"1.32",,"2.79",,,,
"US1TXHRR326","THE WOODLANDS 3.8 W, TX US","30.1577","-95.5529","43.0","2025-04",,"11","4",,,,,,,"1.62",,"3.35",,,,
"US1TXHRR326","THE WOODLANDS 3.8 W, TX US","30.1577","-95.5529","43.0","2025-05",,"9","7",,,,,,,"2.06",,"7.01",,,,
"US1TXHRR326","THE WOODLANDS 3.8 W, TX US","30.1577","-95.5529","43.0","2025-06",,"15","11",,,,,,,"1.62",,"8.22",,,,
"US1TXHRR326","THE WOODLANDS 3.8 W, TX US","30.1577","-95.5529","43.0","2025-07",,"9","6",,,,,,,"1.80",,"4.09",,,,
"US1TXHRR326","THE WOODLANDS 3.8 W, TX US","30.1577","-95.5529","43.0","2025-08",,"10","8",,,,,,,"1.52",,"4.72",,,,
"US1TXHRR326","THE WOODLANDS 3.8 W, TX US","30.1577","-95.5529","43.0","2025-09",,"8","5",,,,,,,"1.92",,"3.65",,,,
"US1TXHRR326","THE WOODLANDS 3.8 W, TX US","30.1577","-95.5529","43.0","2025-10",,"2","2",,,,,,"0.0","1.09",,"1.47","0.0",,,
"US1TXHRR326","THE WOODLANDS 3.8 W, TX US","30.1577","-95.5529","43.0","2025-11",,"5","3",,,,,,,"3.31",,"4.55",,,,
"US1TXHRR326","THE WOODLANDS 3.8 W, TX US","30.1577","-95.5529","43.0","2025-12",,"8","2",,,,,,,"1.09",,"1.42",,,,
"US1TXHRR326","THE WOODLANDS 3.8 W, TX US","30.1577","-95.5529","43.0","2026-01",,"6","5",,,,,,,"2.08",,"3.52",,,,
"US1TXFB0073","RICHMOND 4.6 N, TX US","29.647462","-95.757724","27.1","2025-01",,"15","8",,,,,,,"1.87",,"4.95",,,,
"US1TXFB0073","RICHMOND 4.6 N, TX US","29.647462","-95.757724","27.1","2025-02",,"9","3",,,,,,,"1.75",,"3.06",,,,
"US1TXFB0073","RICHMOND 4.6 N, TX US","29.647462","-95.757724","27.1","2025-03",,"7","4",,,,,,,"0.32",,"1.09",,,,
"US1TXFB0073","RICHMOND 4.6 N, TX US","29.647462","-95.757724","27.1","2025-04",,"7","4",,,,,,,"0.45",,"1.11",,,,
"US1TXFB0073","RICHMOND 4.6 N, TX US","29.647462","-95.757724","27.1","2025-05",,"8","5",,,,,,,"1.80",,"3.49",,,,
"US1TXFB0073","RICHMOND 4.6 N, TX US","29.647462","-95.757724","27.1","2025-06",,"11","8",,,,,,,"1.48",,"5.12",,,,
"US1TXFB0073","RICHMOND 4.6 N, TX US","29.647462","-95.757724","27.1","2025-07",,"8","4",,,,,,,"0.66",,"1.89",,,,
"US1TXFB0073","RICHMOND 4.6 N, TX US","29.647462","-95.757724","27.1","2025-08",,"12","8",,,,,,,"2.11",,"4.19",,,,
"US1TXFB0073","RICHMOND 4.6 N, TX US","29.647462","-95.757724","27.1","2025-09",,"4","4",,,,,,,"1.13",,"2.06",,,,
"US1TXFB0073","RICHMOND 4.6 N, TX US","29.647462","-95.757724","27.1","2025-10",,"3","3",,,,,,,"1.03",,"2.14",,,,
"US1TXFB0073","RICHMOND 4.6 N, TX US","29.647462","-95.757724","27.1","2025-11",,"6","3",,,,,,,"1.34",,"2.88",,,,
"US1TXFB0073","RICHMOND 4.6 N, TX US","29.647462","-95.757724","27.1","2025-12",,"7","3",,,,,,,"0.66",,"1.43",,,,
"US1TXFB0073","RICHMOND 4.6 N, TX US","29.647462","-95.757724","27.1","2026-01",,"5","4",,,,,,,"1.21",,"2.77",,,,
"US1TXHRR288","KATY 0.4 SE, TX US","29.794359","-95.817767","48.8","2025-01",,"12","8",,,,,,,"2.35",,"5.19",,,,
"US1TXHRR288","KATY 0.4 SE, TX US","29.794359","-95.817767","48.8","2025-02",,"6","4",,,,,,,"1.36",,"2.72",,,,
"US1TXHRR288","KATY 0.4 SE, TX US","29.794359","-95.817767","48.8","2025-04",,"5","2",,,,,,"0.0","0.55",,"1.09","0.0",,,
"US1TXHRR288","KATY 0.4 SE, TX US","29.794359","-95.817767","48.8","2025-07",,"10","5",,,,,,,"1.01",,"2.15",,,,
"US1TXHRR321","HOUSTON 2.8 SSW, TX US","29.729547","-95.401306","17.1","2025-06",,"14","9",,,,,,,"1.24",,"5.02",,,,
"US1TXHRR122","MISSION BEND 0.8 N, TX US","29.7054","-95.6652","27.7","2025-01",,"15","7",,,,,,,"2.64",,"6.93",,,,
"US1TXHRR122","MISSION BEND 0.8 N, TX US","29.7054","-95.6652","27.7","2025-02",,"7","3",,,,,,,"1.46",,"3.54",,,,
"US1TXHRR122","MISSION BEND 0.8 N, TX US","29.7054","-95.6652","27.7","2025-03",,"6","5",,,,,,,"0.53",,"1.44",,,,
"US1TXHRR122","MISSION BEND 0.8 N, TX US","29.7054","-95.6652","27.7","2025-04",,"6","2",,,,,,,"0.39",,"0.94",,,,
"US1TXHRR122","MISSION BEND 0.8 N, TX US","29.7054","-95.6652","27.7","2025-05",,"8","5",,,,,,,"2.31",,"4.63",,,,
"US1TXHRR122","MISSION BEND 0.8 N, TX US","29.7054","-95.6652","27.7","2025-06",,"9","5",,,,,,,"1.45",,"7.11",,,,
"US1TXHRR122","MISSION BEND 0.8 N, TX US","29.7054","-95.6652","27.7","2025-07",,"8","5",,,,,,,"1.38",,"2.33",,,,
"US1TXHRR122","MISSION BEND 0.8 N, TX US","29.7054","-95.6652","27.7","2025-08",,"8","5",,,,,,,"3.80",,"6.13",,,,
"US1TXHRR122","MISSION BEND 0.8 N, TX US","29.7054","-95.6652","27.7","2025-09",,"7","4",,,,,,,"1.24",,"2.67",,,,
"US1TXHRR122","MISSION BEND 0.8 N, TX US","29.7054","-95.6652","27.7","2025-10",,"2","2",,,,,,"0.0","1.40",,"2.48","0.0",,,
"US1TXHRR122","MISSION BEND 0.8 N, TX US","29.7054","-95.6652","27.7","2025-11",,"4","3",,,,,,"0.0","2.28",,"3.29","0.0",,,
"US1TXHRR122","MISSION BEND 0.8 N, TX US","29.7054","-95.6652","27.7","2025-12",,"6","2",,,,,,,"0.94",,"1.76",,,,
"US1TXHRR122","MISSION BEND 0.8 N, TX US","29.7054","-95.6652","27.7","2026-01",,"6","4",,,,,,,"1.15",,"2.63",,,,
"US1TXHRR124","SPRING 7.1 WSW, TX US","30.0074653625488","-95.4846343994141","34.7","2025-01",,"15","7",,,,,,,"1.95",,"4.50",,,,
"US1TXHRR124","SPRING 7.1 WSW, TX US","30.0074653625488","-95.4846343994141","34.7","2025-02",,"8","4",,,,,,,"1.11",,"1.87",,,,
"US1TXHRR124","SPRING 7.1 WSW, TX US","30.0074653625488","-95.4846343994141","34.7","2025-03",,"9","6",,,,,,,"1.03",,"2.34",,,,
"US1TXHRR124","SPRING 7.1 WSW, TX US","30.0074653625488","-95.4846343994141","34.7","2025-04",,"8","3",,,,,,,"0.95",,"1.62",,,,
"US1TXHRR124","SPRING 7.1 WSW, TX US","30.0074653625488","-95.4846343994141","34.7","2025-05",,,,,,,,,,,,"3.80",,,,
"US1TXHRR124","SPRING 7.1 WSW, TX US","30.0074653625488","-95.4846343994141","34.7","2025-06",,"19","10",,,,,,,"2.19",,"6.46",,,,
"US1TXHRR124","SPRING 7.1 WSW, TX US","30.0074653625488","-95.4846343994141","34.7","2025-07",,"9","5",,,,,,,"0.83",,"1.54",,,,
"US1TXHRR124","SPRING 7.1 WSW, TX US","30.0074653625488","-95.4846343994141","34.7","2025-08",,"11","4",,,,,,,"1.00",,"1.98",,,,
"US1TXHRR124","SPRING 7.1 WSW, TX US","30.0074653625488","-95.4846343994141","34.7","2025-09",,"6","4",,,,,,,"1.03",,"2.17",,,,
"US1TXHRR124","SPRING 7.1 WSW, TX US","30.0074653625488","-95.4846343994141","34.7","2025-10",,"3","2",,,,,,"0.0","1.15",,"2.16","0.0",,,
"US1TXHRR124","SPRING 7.1 WSW, TX US","30.0074653625488","-95.4846343994141","34.7","2025-11",,"6","3",,,,,,,"2.99",,"6.45",,,,
"US1TXHRR124","SPRING 7.1 WSW, TX US","30.0074653625488","-95.4846343994141","34.7","2025-12",,"8","3",,,,,,,"1.01",,"1.85",,,,
"US1TXHRR124","SPRING 7.1 WSW, TX US","30.0074653625488","-95.4846343994141","34.7","2026-01",,"6","5",,,,,,,"1.92",,"4.01",,,,
"US1TXHRR168","PEARLAND 4.0 ENE, TX US","29.5761","-95.214","9.8","2025-01",,"11","9",,,,,,,"2.19",,"6.00",,,,
"US1TXHRR168","PEARLAND 4.0 ENE, TX US","29.5761","-95.214","9.8","2025-02",,"8","3",,,,,,,"1.97",,"4.31",,,,
"US1TXHRR168","PEARLAND 4.0 ENE, TX US","29.5761","-95.214","9.8","2025-03",,"9","5",,,,,,,"0.81",,"1.76",,,,
"US1TXHRR168","PEARLAND 4.0 ENE, TX US","29.5761","-95.214","9.8","2025-04",,"5","4",,,,,,"0.0","2.87",,"5.05","0.0",,,
"US1TXHRR168","PEARLAND 4.0 ENE, TX US","29.5761","-95.214","9.8","2025-05",,"11","9",,,,,,,"1.30",,"4.25",,,,
"US1TXHRR168","PEARLAND 4.0 ENE, TX US","29.5761","-95.214","9.8","2025-06",,"14","9",,,,,,,"2.67",,"8.10",,,,
"US1TXHRR168","PEARLAND 4.0 ENE, TX US","29.5761","-95.214","9.8","2025-07",,"9","7",,,,,,,"1.30",,"3.90",,,,
"US1TXHRR168","PEARLAND 4.0 ENE, TX US","29.5761","-95.214","9.8","2025-08",,"8","6",,,,,,,"1.50",,"2.82",,,,
"US1TXHRR168","PEARLAND 4.0 ENE, TX US","29.5761","-95.214","9.8","2025-09",,"7","5",,,,,,,"2.69",,"3.83",,,,
"US1TXHRR168","PEARLAND 4.0 ENE, TX US","29.5761","-95.214","9.8","2025-10",,"3","3",,,,,,"0.0","1.01",,"2.25","0.0",,,
"US1TXHRR168","PEARLAND 4.0 ENE, TX US","29.5761","-95.214","9.8","2025-11",,"3","1",,,,,,"0.0","2.73",,"2.75","0.0",,,
"US1TXHRR168","PEARLAND 4.0 ENE, TX US","29.5761","-95.214","9.8","2025-12",,"5","2",,,,,,,"0.88",,"1.17",,,,
"US1TXHRR168","PEARLAND 4.0 ENE, TX US","29.5761","-95.214","9.8","2026-01",,"7","2",,,,,,,"1.31",,"2.35",,,,
"US1TXHRR322","BELLAIRE 3.1 W, TX US","29.69713","-95.51174","17.7","2025-01",,,,,,,,,,,,"4.96",,,,
"US1TXHRR322","BELLAIRE 3.1 W, TX US","29.69713","-95.51174","17.7","2025-03",,"7","3",,,,,,,"0.33",,"1.06",,,,
"US1TXHRR322","BELLAIRE 3.1 W, TX US","29.69713","-95.51174","17.7","2025-05",,,,,,,,,,,,"4.15",,,,
"US1TXHRR322","BELLAIRE 3.1 W, TX US","29.69713","-95.51174","17.7","2025-07",,,,,,,,,,,,"4.23",,,,
"US1TXHRR322","BELLAIRE 3.1 W, TX US","29.69713","-95.51174","17.7","2025-08",,,,,,,,,,,,"3.44",,,,
"US1TXHRR322","BELLAIRE 3.1 W, TX US","29.69713","-95.51174","17.7","2025-09",,"8","2",,,,,,,"0.79",,"1.55",,,,
"US1TXHRR322","BELLAIRE 3.1 W, TX US","29.69713","-95.51174","17.7","2025-10",,"5","3",,,,,,,"0.71",,"1.34",,,,
"US1TXHRR322","BELLAIRE 3.1 W, TX US","29.69713","-95.51174","17.7","2025-11",,"4","1",,,,,,,"2.23",,"2.38",,,,
"US1TXHRR322","BELLAIRE 3.1 W, TX US","29.69713","-95.51174","17.7","2026-01",,,,,,,,,,,,"1.79",,,,
"US1TXHRR329","CYPRESS 6.2 SSW, TX US","29.88865","-95.73079","43.3","2025-01",,"6","3",,,,,,,"1.77",,"3.31",,,,
"US1TXHRR329","CYPRESS 6.2 SSW, TX US","29.88865","-95.73079","43.3","2025-02",,"6","4",,,,,,,"0.81",,"1.99",,,,
"US1TXHRR329","CYPRESS 6.2 SSW, TX US","29.88865","-95.73079","43.3","2025-03",,"3","3",,,,,,,"0.97",,"2.94",,,,
"US1TXHRR329","CYPRESS 6.2 SSW, TX US","29.88865","-95.73079","43.3","2025-05",,"5","3",,,,,,,"1.98",,"4.80",,,,
"US1TXHRR329","CYPRESS 6.2 SSW, TX US","29.88865","-95.73079","43.3","2025-06",,"9","8",,,,,,,"1.48",,"4.01",,,,
"US1TXHRR329","CYPRESS 6.2 SSW, TX US","29.88865","-95.73079","43.3","2025-07",,"9","6",,,,,,,"1.00",,"3.70",,,,
"US1TXHRR329","CYPRESS 6.2 SSW, TX US","29.88865","-95.73079","43.3","2025-08",,"13","8",,,,,,,"1.31",,"4.59",,,,
"US1TXHRR329","CYPRESS 6.2 SSW, TX US","29.88865","-95.73079","43.3","2025-09",,"4","3",,,,,,,"1.00",,"2.03",,,,
"US1TXHRR329","CYPRESS 6.2 SSW, TX US","29.88865","-95.73079","43.3","2025-10",,"4","3",,,,,,,"0.73",,"1.63",,,,
"US1TXHRR329","CYPRESS 6.2 SSW, TX US","29.88865","-95.73079","43.3","2025-11",,"4","4",,,,,,"0.0","1.91",,"3.86","0.0",,,
"US1TXHRR329","CYPRESS 6.2 SSW, TX US","29.88865","-95.73079","43.3","2025-12",,"3","2",,,,,,,"0.40",,"1.06",,,,
"US1TXBRZ056","ALVIN 5.1 SE, TX US","29.37158","-95.19899","10.1","2025-01",,"12","6",,,,,,,"2.28",,"4.22",,,,
"US1TXBRZ056","ALVIN 5.1 SE, TX US","29.37158","-95.19899","10.1","2025-02",,"7","4",,,,,,,"1.52",,"2.20",,,,
"US1TXBRZ056","ALVIN 5.1 SE, TX US","29.37158","-95.19899","10.1","2025-03",,"8","6",,,,,,,"0.75",,"2.44",,,,
"US1TXBRZ056","ALVIN 5.1 SE, TX US","29.37158","-95.19899","10.1","2025-04",,"4","3",,,,,,,"1.81",,"3.67",,,,
"US1TXBRZ056","ALVIN 5.1 SE, TX US","29.37158","-95.19899","10.1","2025-05",,,,,,,,,,,,"6.61",,,,
"US1TXBRZ056","ALVIN 5.1 SE, TX US","29.37158","-95.19899","10.1","2025-06",,"12","5",,,,,,,"2.72",,"3.96",,,,
"US1TXBRZ056","ALVIN 5.1 SE, TX US","29.37158","-95.19899","10.1","2025-07",,"10","8",,,,,,,"1.24",,"3.29",,,,
"US1TXBRZ056","ALVIN 5.1 SE, TX US","29.37158","-95.19899","10.1","2025-08",,"10","4",,,,,,,"4.38",,"6.54",,,,
"US1TXBRZ056","ALVIN 5.1 SE, TX US","29.37158","-95.19899","10.1","2025-10",,"5","3",,,,,,,"0.79",,"2.13",,,,
"US1TXBRZ056","ALVIN 5.1 SE, TX US","29.37158","-95.19899","10.1","2025-11",,,,,,,,,,,,"2.14",,,,
"US1TXBRZ056","ALVIN 5.1 SE, TX US","29.37158","-95.19899","10.1","2025-12",,"11","4",,,,,,,"0.39",,"1.71",,,,
"US1TXBRZ056","ALVIN 5.1 SE, TX US","29.37158","-95.19899","10.1","2026-01",,"5","4",,,,,,,"1.12",,"3.22",,,,
"US1TXBRZ057","LIVERPOOL 4.6 NW, TX US","29.3516","-95.3247","10.1","2025-01",,"13","8",,,,,,,"2.18",,"4.90",,,,
"US1TXBRZ057","LIVERPOOL 4.6 NW, TX US","29.3516","-95.3247","10.1","2025-02",,"8","3",,,,,,,"1.70",,"2.32",,,,
"US1TXBRZ057","LIVERPOOL 4.6 NW, TX US","29.3516","-95.3247","10.1","2025-03",,"8","4",,,,,,,"0.42",,"1.43",,,,
"US1TXBRZ057","LIVERPOOL 4.6 NW, TX US","29.3516","-95.3247","10.1","2025-04",,"5","3",,,,,,,"7.14",,"8.27",,,,
"US1TXBRZ057","LIVERPOOL 4.6 NW, TX US","29.3516","-95.3247","10.1","2025-05",,"8","6",,,,,,,"3.02",,"8.06",,,,
"US1TXBRZ057","LIVERPOOL 4.6 NW, TX US","29.3516","-95.3247","10.1","2025-06",,"8","4",,,,,,,"0.83",,"6.33",,,,
"US1TXBRZ057","LIVERPOOL 4.6 NW, TX US","29.3516","-95.3247","10.1","2025-07",,"9","5",,,,,,,"1.43",,"3.79",,,,
"US1TXBRZ057","LIVERPOOL 4.6 NW, TX US","29.3516","-95.3247","10.1","2025-08",,"13","10",,,,,,,"1.90",,"9.34",,,,
"US1TXBRZ057","LIVERPOOL 4.6 NW, TX US","29.3516","-95.3247","10.1","2025-09",,"8","5",,,,,,,"2.83",,"5.19",,,,
"US1TXBRZ057","LIVERPOOL 4.6 NW, TX US","29.3516","-95.3247","10.1","2025-11",,"3","1",,,,,,"0.0","1.42",,"1.53","0.0",,,
"US1TXBRZ057","LIVERPOOL 4.6 NW, TX US","29.3516","-95.3247","10.1","2025-12",,"6","4",,,,,,,"0.35",,"0.94",,,,
"US1TXBRZ057","LIVERPOOL 4.6 NW, TX US","29.3516","-95.3247","10.1","2026-01",,"5","3",,,,,,"0.0","0.98",,"2.42","0.0",,,
"US1TXBRZ050","ALVIN 2.5 SSW, TX US","29.40035","-95.26484","13.7","2025-01",,"17","9",,,,,,,"2.13",,"5.02",,,,
"US1TXBRZ050","ALVIN 2.5 SSW, TX US","29.40035","-95.26484","13.7","2025-02",,"9","3",,,,,,,"1.56",,"2.20",,,,
"US1TXBRZ050","ALVIN 2.5 SSW, TX US","29.40035","-95.26484","13.7","2025-04",,,,,,,,,,,,"5.51",,,,
"US1TXBRZ050","ALVIN 2.5 SSW, TX US","29.40035","-95.26484","13.7","2025-05",,"12","7",,,,,,,"2.64",,"7.04",,,,
"US1TXBRZ050","ALVIN 2.5 SSW, TX US","29.40035","-95.26484","13.7","2025-06",,"12","6",,,,,,,"2.31",,"5.39",,,,
"US1TXBRZ050","ALVIN 2.5 SSW, TX US","29.40035","-95.26484","13.7","2025-11",,"5","1",,,,,,,"2.10",,"2.21",,,,
"US1TXBRZ050","ALVIN 2.5 SSW, TX US","29.40035","-95.26484","13.7","2025-12",,"10","2",,,,,,,"0.32",,"0.74",,,,
"US1TXMNG026","THE WOODLANDS 2.8 N, TX US","30.198522","-95.4958769","44.8","2025-01",,"10","6",,,,,,,"2.10",,"3.49",,,,
"US1TXMNG026","THE WOODLANDS 2.8 N, TX US","30.198522","-95.4958769","44.8","2025-02",,"7","5",,,,,,,"1.20",,"2.61",,,,
"US1TXMNG026","THE WOODLANDS 2.8 N, TX US","30.198522","-95.4958769","44.8","2025-03",,"8","6",,,,,,,"0.61",,"2.45",,,,
"US1TXMNG026","THE WOODLANDS 2.8 N, TX US","30.198522","-95.4958769","44.8","2025-04",,"5","4",,,,,,,"1.05",,"2.75",,,,
"US1TXMNG026","THE WOODLANDS 2.8 N, TX US","30.198522","-95.4958769","44.8","2025-05",,"11","5",,,,,,,"1.99",,"6.10",,,,
"US1TXMNG026","THE WOODLANDS 2.8 N, TX US","30.198522","-95.4958769","44.8","2025-06",,"15","11",,,,,,,"1.79",,"7.89",,,,
"US1TXMNG026","THE WOODLANDS 2.8 N, TX US","30.198522","-95.4958769","44.8","2025-07",,"11","7",,,,,,,"1.64",,"5.00",,,,
"US1TXMNG026","THE WOODLANDS 2.8 N, TX US","30.198522","-95.4958769","44.8","2025-08",,"11","7",,,,,,,"0.99",,"4.02",,,,
"US1TXMNG026","THE WOODLANDS 2.8 N, TX US","30.198522","-95.4958769","44.8","2025-09",,"4","4",,,,,,"0.0","2.09",,"4.14","0.0",,,
"US1TXMNG026","THE WOODLANDS 2.8 N, TX US","30.198522","-95.4958769","44.8","2025-10",,"3","2",,,,,,"0.0","0.98",,"1.43","0.0",,,
"US1TXMNG026","THE WOODLANDS 2.8 N, TX US","30.198522","-95.4958769","44.8","2025-11",,"3","3",,,,,,"0.0","3.47",,"4.10","0.0",,,
"US1TXMNG026","THE WOODLANDS 2.8 N, TX US","30.198522","-95.4958769","44.8","2025-12",,"8","2",,,,,,,"0.98",,"1.29",,,,
"US1TXMNG026","THE WOODLANDS 2.8 N, TX US","30.198522","-95.4958769","44.8","2026-01",,"7","5",,,,,,,"1.43",,"2.90",,,,
"USC00414325","HOUSTON WESTBURY, TX US","29.70032","-95.42916","14.0","2025-01",,"11","6",,,,,,"3.0","1.77",,"4.41","4.5",,,
"USC00414325","HOUSTON WESTBURY, TX US","29.70032","-95.42916","14.0","2025-02",,"8","3",,,,,,"0.0","2.05",,"3.24","0.0",,,
"USC00414325","HOUSTON WESTBURY, TX US","29.70032","-95.42916","14.0","2025-03",,"8","6",,,,,,"0.0","0.50",,"1.51","0.0",,,
"USC00414325","HOUSTON WESTBURY, TX US","29.70032","-95.42916","14.0","2025-04",,"5","4",,,,,,"0.0","1.14",,"3.39","0.0",,,
"USC00414325","HOUSTON WESTBURY, TX US","29.70032","-95.42916","14.0","2025-05",,"11","9",,,,,,"0.0","2.92",,"6.93","0.0",,,
"USC00414325","HOUSTON WESTBURY, TX US","29.70032","-95.42916","14.0","2025-06",,"18","14",,,,,,"0.0","0.96",,"5.59","0.0",,,
"USC00414325","HOUSTON WESTBURY, TX US","29.70032","-95.42916","14.0","2025-07",,"11","6",,,,,,"0.0","1.57",,"3.72","0.0",,,
"USC00414325","HOUSTON WESTBURY, TX US","29.70032","-95.42916","14.0","2025-08",,"16","11",,,,,,"0.0","0.90",,"3.52","0.0",,,
"USC00414325","HOUSTON WESTBURY, TX US","29.70032","-95.42916","14.0","2025-09",,"8","6",,,,,,"0.0","1.95",,"3.83","0.0",,,
"USC00414325","HOUSTON WESTBURY, TX US","29.70032","-95.42916","14.0","2025-10",,"7","4",,,,,,"0.0","1.16",,"2.98","0.0",,,
"USC00414325","HOUSTON WESTBURY, TX US","29.70032","-95.42916","14.0","2025-12",,"8","2",,,,,,"0.0","0.64",,"1.44","0.0",,,
"US1TXFB0077","RICHMOND 2.7 NNE, TX US","29.615206","-95.742944","29.6","2025-01",,"16","8",,,,,,,"1.85",,"5.46",,,,
"US1TXFB0077","RICHMOND 2.7 NNE, TX US","29.615206","-95.742944","29.6","2025-03",,"9","6",,,,,,,"0.67",,"1.65",,,,
"US1TXFB0077","RICHMOND 2.7 NNE, TX US","29.615206","-95.742944","29.6","2025-04",,"7","3",,,,,,,"0.69",,"1.46",,,,
"US1TXFB0077","RICHMOND 2.7 NNE, TX US","29.615206","-95.742944","29.6","2025-05",,"5","5",,,,,,,"2.01",,"3.99",,,,
"US1TXFB0077","RICHMOND 2.7 NNE, TX US","29.615206","-95.742944","29.6","2025-06",,"14","6",,,,,,,"1.38",,"5.24",,,,
"US1TXFB0077","RICHMOND 2.7 NNE, TX US","29.615206","-95.742944","29.6","2025-07",,"7","3",,,,,,,"1.06",,"1.80",,,,
"US1TXFB0077","RICHMOND 2.7 NNE, TX US","29.615206","-95.742944","29.6","2025-09",,"8","4",,,,,,,"1.11",,"2.48",,,,
"US1TXFB0077","RICHMOND 2.7 NNE, TX US","29.615206","-95.742944","29.6","2025-10",,"3","3",,,,,,"0.0","1.20",,"1.88","0.0",,,
"US1TXFB0077","RICHMOND 2.7 NNE, TX US","29.615206","-95.742944","29.6","2025-11",,"4","2",,,,,,,"1.15",,"2.23",,,,
"US1TXFB0077","RICHMOND 2.7 NNE, TX US","29.615206","-95.742944","29.6","2025-12",,"10","2",,,,,,,"0.65",,"1.28",,,,
"US1TXFB0077","RICHMOND 2.7 NNE, TX US","29.615206","-95.742944","29.6","2026-01",,"6","4",,,,,,,"0.74",,"2.07",,,,
"US1TXHRR251","JERSEY VILLAGE 8.5 NW, TX US","29.980034","-95.6624","50.0","2025-01",,,,,,,,,,,,"4.45",,,,
"US1TXHRR251","JERSEY VILLAGE 8.5 NW, TX US","29.980034","-95.6624","50.0","2025-02",,,,,,,,,,,,"2.53",,,,
"US1TXHRR251","JERSEY VILLAGE 8.5 NW, TX US","29.980034","-95.6624","50.0","2025-04",,,,,,,,,,,,"2.38",,,,
"US1TXHRR251","JERSEY VILLAGE 8.5 NW, TX US","29.980034","-95.6624","50.0","2025-05",,,,,,,,,,,,"4.80",,,,
"US1TXHRR251","JERSEY VILLAGE 8.5 NW, TX US","29.980034","-95.6624","50.0","2025-06",,"9","7",,,,,,,"1.36",,"5.33",,,,
"US1TXHRR251","JERSEY VILLAGE 8.5 NW, TX US","29.980034","-95.6624","50.0","2025-07",,,,,,,,,,,,"3.50",,,,
"US1TXHRR251","JERSEY VILLAGE 8.5 NW, TX US","29.980034","-95.6624","50.0","2025-08",,"12","7",,,,,,,"1.10",,"4.12",,,,
"US1TXHRR251","JERSEY VILLAGE 8.5 NW, TX US","29.980034","-95.6624","50.0","2025-09",,,,,,,,,,,,"3.01",,,,
"US1TXHRR251","JERSEY VILLAGE 8.5 NW, TX US","29.980034","-95.6624","50.0","2025-11",,,,,,,,,,,,"4.62",,,,
"US1TXHRR251","JERSEY VILLAGE 8.5 NW, TX US","29.980034","-95.6624","50.0","2025-12",,"7","2",,,,,,,"0.56",,"0.98",,,,
"US1TXHRR251","JERSEY VILLAGE 8.5 NW, TX US","29.980034","-95.6624","50.0","2026-01",,"5","5",,,,,,,"1.33",,"3.41",,,,
"US1TXHRR176","HOUSTON 4.7 WNW, TX US","29.805381","-95.452853","21.0","2025-01",,"12","8",,,,,,"0.0","3.08",,"6.44","0.0",,,
"US1TXHRR176","HOUSTON 4.7 WNW, TX US","29.805381","-95.452853","21.0","2025-02",,"5","4",,,,,,"0.0","2.07",,"4.76","0.0",,,
"US1TXHRR176","HOUSTON 4.7 WNW, TX US","29.805381","-95.452853","21.0","2025-03",,"7","6",,,,,,"0.0","1.01",,"2.14","0.0",,,
"US1TXHRR176","HOUSTON 4.7 WNW, TX US","29.805381","-95.452853","21.0","2025-04",,"5","5",,,,,,"0.0","1.75",,"2.47","0.0",,,
"US1TXHRR176","HOUSTON 4.7 WNW, TX US","29.805381","-95.452853","21.0","2025-05",,"10","8",,,,,,"0.0","2.11",,"4.66","0.0",,,
"US1TXHRR176","HOUSTON 4.7 WNW, TX US","29.805381","-95.452853","21.0","2025-06",,"14","11",,,,,,"0.0","3.95",,"10.98","0.0",,,
"US1TXHRR176","HOUSTON 4.7 WNW, TX US","29.805381","-95.452853","21.0","2025-07",,"10","6",,,,,,"0.0","1.42",,"3.33","0.0",,,
"US1TXHRR176","HOUSTON 4.7 WNW, TX US","29.805381","-95.452853","21.0","2025-08",,"11","6",,,,,,"0.0","1.50",,"4.86","0.0",,,
"US1TXHRR176","HOUSTON 4.7 WNW, TX US","29.805381","-95.452853","21.0","2025-09",,"9","5",,,,,,"0.0","0.87",,"2.35","0.0",,,
"US1TXHRR176","HOUSTON 4.7 WNW, TX US","29.805381","-95.452853","21.0","2025-10",,"3","3",,,,,,"0.0","2.03",,"3.48","0.0",,,
"US1TXHRR176","HOUSTON 4.7 WNW, TX US","29.805381","-95.452853","21.0","2025-11",,"5","3",,,,,,"0.0","2.23",,"2.72","0.0",,,
"US1TXHRR176","HOUSTON 4.7 WNW, TX US","29.805381","-95.452853","21.0","2025-12",,"4","3",,,,,,"0.0","0.94",,"2.19","0.0",,,
"US1TXHRR176","HOUSTON 4.7 WNW, TX US","29.805381","-95.452853","21.0","2026-01",,"6","4",,,,,,"0.0","0.76",,"2.71","0.0",,,
"US1TXMNG109","THE WOODLANDS 2.9 SSE, TX US","30.1214","-95.4656","36.6","2025-01",,"8","4",,,,,,,"2.17",,"3.59",,,,
"US1TXMNG109","THE WOODLANDS 2.9 SSE, TX US","30.1214","-95.4656","36.6","2025-02",,"7","5",,,,,,,"1.22",,"3.35",,,,
"US1TXMNG109","THE WOODLANDS 2.9 SSE, TX US","30.1214","-95.4656","36.6","2025-03",,"8","4",,,,,,,"1.32",,"3.48",,,,
"US1TXMNG109","THE WOODLANDS 2.9 SSE, TX US","30.1214","-95.4656","36.6","2025-05",,"8","5",,,,,,,"1.95",,"3.33",,,,
"US1TXMNG109","THE WOODLANDS 2.9 SSE, TX US","30.1214","-95.4656","36.6","2025-06",,"14","12",,,,,,,"1.60",,"7.29",,,,
"US1TXMNG109","THE WOODLANDS 2.9 SSE, TX US","30.1214","-95.4656","36.6","2025-08",,,,,,,,,,,,"2.59",,,,
"US1TXMNG109","THE WOODLANDS 2.9 SSE, TX US","30.1214","-95.4656","36.6","2025-11",,"4","3",,,,,,"0.0","1.57",,"2.84","0.0",,,
"US1TXHRR093","PASADENA 4.4 WNW, TX US","29.684861","-95.219703","9.1","2025-01",,"5","4",,,,,,"0.0","2.58",,"4.54","0.0",,,
"US1TXHRR093","PASADENA 4.4 WNW, TX US","29.684861","-95.219703","9.1","2025-02",,"4","3",,,,,,"0.0","1.91",,"2.77","0.0",,,
"US1TXHRR093","PASADENA 4.4 WNW, TX US","29.684861","-95.219703","9.1","2025-03",,"6","5",,,,,,"0.0","1.20",,"2.12","0.0",,,
"US1TXHRR093","PASADENA 4.4 WNW, TX US","29.684861","-95.219703","9.1","2025-04",,"5","4",,,,,,"0.0","3.03",,"4.70","0.0",,,
"US1TXHRR093","PASADENA 4.4 WNW, TX US","29.684861","-95.219703","9.1","2025-05",,"9","8",,,,,,"0.0","1.11",,"4.25","0.0",,,
"US1TXHRR093","PASADENA 4.4 WNW, TX US","29.684861","-95.219703","9.1","2025-06",,"10","7",,,,,,"0.0","3.01",,"6.26","0.0",,,
"US1TXHRR093","PASADENA 4.4 WNW, TX US","29.684861","-95.219703","9.1","2025-07",,"4","4",,,,,,"0.0","3.63",,"5.79","0.0",,,
"US1TXHRR093","PASADENA 4.4 WNW, TX US","29.684861","-95.219703","9.1","2025-08",,"5","3",,,,,,"0.0","0.27",,"0.63","0.0",,,
"US1TXHRR093","PASADENA 4.4 WNW, TX US","29.684861","-95.219703","9.1","2025-09",,"6","5",,,,,,"0.0","1.98",,"3.11","0.0",,,
"US1TXHRR093","PASADENA 4.4 WNW, TX US","29.684861","-95.219703","9.1","2025-10",,"3","3",,,,,,"0.0","1.12",,"2.00","0.0",,,
"US1TXHRR093","PASADENA 4.4 WNW, TX US","29.684861","-95.219703","9.1","2025-11",,"1","1",,,,,,"0.0","1.11",,"1.11","0.0",,,
"US1TXHRR093","PASADENA 4.4 WNW, TX US","29.684861","-95.219703","9.1","2025-12",,"3","2",,,,,,"0.0","0.61",,"0.95","0.0",,,
"US1TXHRR093","PASADENA 4.4 WNW, TX US","29.684861","-95.219703","9.1","2026-01",,"4","4",,,,,,"0.0","0.71",,"1.12","0.0",,,
"US1TXGV0076","DICKINSON 1.7 ENE, TX US","29.464761","-95.041464","4.6","2025-01",,"12","7",,,,,,"3.2","1.90",,"4.46","3.2",,,
"US1TXGV0076","DICKINSON 1.7 ENE, TX US","29.464761","-95.041464","4.6","2025-02",,"9","4",,,,,,"0.0","1.39",,"2.99","0.0",,,
"US1TXGV0076","DICKINSON 1.7 ENE, TX US","29.464761","-95.041464","4.6","2025-03",,"9","5",,,,,,"0.0","1.15",,"2.79","0.0",,,
"US1TXGV0076","DICKINSON 1.7 ENE, TX US","29.464761","-95.041464","4.6","2025-04",,"6","5",,,,,,"0.0","0.92",,"3.62","0.0",,,
"US1TXGV0076","DICKINSON 1.7 ENE, TX US","29.464761","-95.041464","4.6","2025-05",,"8","8",,,,,,"0.0","2.44",,"7.44","0.0",,,
"US1TXGV0076","DICKINSON 1.7 ENE, TX US","29.464761","-95.041464","4.6","2025-06",,"14","9",,,,,,"0.0","2.98",,"7.99","0.0",,,
"US1TXGV0076","DICKINSON 1.7 ENE, TX US","29.464761","-95.041464","4.6","2025-07",,"10","6",,,,,,"0.0","0.89",,"3.28","0.0",,,
"US1TXGV0034","LEAGUE CITY 2.7 NE, TX US","29.540703","-95.069822","5.5","2025-01",,"19","10",,,,,,,"1.97",,"4.76",,,,
"US1TXGV0034","LEAGUE CITY 2.7 NE, TX US","29.540703","-95.069822","5.5","2025-02",,"8","3",,,,,,,"0.99",,"2.31",,,,
"US1TXGV0034","LEAGUE CITY 2.7 NE, TX US","29.540703","-95.069822","5.5","2025-03",,"10","5",,,,,,,"0.68",,"1.67",,,,
"US1TXGV0034","LEAGUE CITY 2.7 NE, TX US","29.540703","-95.069822","5.5","2025-04",,"4","4",,,,,,,"1.58",,"2.75",,,,
"US1TXGV0034","LEAGUE CITY 2.7 NE, TX US","29.540703","-95.069822","5.5","2025-05",,"9","6",,,,,,,"1.67",,"4.19",,,,
"US1TXGV0034","LEAGUE CITY 2.7 NE, TX US","29.540703","-95.069822","5.5","2025-06",,"16","10",,,,,,,"3.04",,"8.75",,,,
"US1TXGV0034","LEAGUE CITY 2.7 NE, TX US","29.540703","-95.069822","5.5","2025-07",,"11","6",,,,,,,"1.03",,"4.14",,,,
"US1TXGV0034","LEAGUE CITY 2.7 NE, TX US","29.540703","-95.069822","5.5","2025-08",,"14","7",,,,,,,"1.00",,"4.41",,,,
"US1TXGV0034","LEAGUE CITY 2.7 NE, TX US","29.540703","-95.069822","5.5","2025-09",,"8","4",,,,,,,"0.95",,"2.68",,,,
"US1TXGV0034","LEAGUE CITY 2.7 NE, TX US","29.540703","-95.069822","5.5","2025-10",,"8","6",,,,,,,"1.04",,"2.90",,,,
"US1TXGV0034","LEAGUE CITY 2.7 NE, TX US","29.540703","-95.069822","5.5","2025-11",,"4","1",,,,,,,"2.65",,"2.72",,,,
"US1TXGV0034","LEAGUE CITY 2.7 NE, TX US","29.540703","-95.069822","5.5","2025-12",,"11","4",,,,,,,"0.34",,"1.20",,,,
"US1TXGV0034","LEAGUE CITY 2.7 NE, TX US","29.540703","-95.069822","5.5","2026-01",,"7","3",,,,,,,"1.26",,"2.83",,,,
